product_id,quantity
P222065,14
P211187,13
P247881,13
P234626,12
P242018,11
P215503,11
P230072,11
P207071,11
P221494,11
P237924,11
P215316,11
P233014,11
P248948,11
P237997,11
P200785,10
P234195,10
P235301,10
P227003,10
P236759,10
P247375,10
P217144,10
P204819,10
P225516,10
P217031,10
P249967,10
P221531,10
P222447,10
P208066,10
P201471,10
P246265,10
P245854,10
P213532,10
P228821,10
P214202,10
P213133,10
P234139,10
P246999,10
P237380,10
P230545,10
P245056,10
P248229,10
P207595,9
P229309,9
P208275,9
P235701,9
P248110,9
P235859,9
P218888,9
P231391,9
P202847,9
P236189,9
P230467,9
P214837,9
P247773,9
P203911,9
P234017,9
P239651,9
P219612,9
P221997,9
P244562,9
P218083,9
P219945,9
P248473,9
P232035,9
P226881,9
P243406,9
P230221,9
P224107,9
P203340,9
P210687,9
P231652,9
P227007,9
P227005,9
P243791,9
P213236,9
P214251,9
P222084,9
P237964,9
P243781,9
P243945,9
P220357,9
P210943,9
P246721,9
P220704,9
P213276,9
P212549,9
P231190,9
P223409,9
P249555,9
P249949,9
P204808,8
P215095,8
P247777,8
P215238,8
P249649,8
P227552,8
P225938,8
P236549,8
P232864,8
P207420,8
P238785,8
P247754,8
P211416,8
P206897,8
P236748,8
P213028,8
P202925,8
P204993,8
P223547,8
P244088,8
P229621,8
P232778,8
P246000,8
P245955,8
P202214,8
P217673,8
P247897,8
P203177,8
P248139,8
P242489,8
P214853,8
P236763,8
P247369,8
P247460,8
P218870,8
P214214,8
P249101,8
P201546,8
P221927,8
P225154,8
P206614,8
P204174,8
P238413,8
P216982,8
P245015,8
P216659,8
P200783,8
P237031,8
P218564,8
P224019,8
P215698,8
P203498,8
P229741,8
P214256,8
P248809,8
P220693,8
P239883,8
P210227,8
P248145,8
P206520,8
P231855,8
P243179,8
P230311,8
P219840,8
P211093,8
P240910,8
P204616,8
P219984,8
P204502,8
P217928,8
P212624,8
P213173,8
P248720,8
P220378,8
P205282,8
P215762,8
P246797,8
P215876,8
P200645,8
P218167,8
P237473,8
P237458,8
P248793,8
P224459,8
P243743,8
P238274,8
P212416,8
P244733,8
P225497,8
P234283,8
P247993,8
P223442,8
P228647,8
P229236,8
P221762,8
P205760,8
P221622,8
P216922,8
P233637,8
P241684,8
P228943,7
P245373,7
P233678,7
P216888,7
P216917,7
P201724,7
P249747,7
P221444,7
P239347,7
P239398,7
P221310,7
P221340,7
P216585,7
P213472,7
P241525,7
P208127,7
P227664,7
P248068,7
P239606,7
P238662,7
P247611,7
P236612,7
P244638,7
P225483,7
P244770,7
P239820,7
P228424,7
P226110,7
P244550,7
P224641,7
P235069,7
P202469,7
P235158,7
P237429,7
P222623,7
P220063,7
P235314,7
P212660,7
P215942,7
P226736,7
P235196,7
P232136,7
P226783,7
P248562,7
P237649,7
P214583,7
P224432,7
P224290,7
P243413,7
P246750,7
P237424,7
P219843,7
P230410,7
P222761,7
P234830,7
P211804,7
P218134,7
P226670,7
P240596,7
P240636,7
P207900,7
P207207,7
P229899,7
P224559,7
P208381,7
P207148,7
P203410,7
P214451,7
P200576,7
P230373,7
P205180,7
P246905,7
P225563,7
P212359,7
P212377,7
P212159,7
P212161,7
P214065,7
P229317,7
P229319,7
P210718,7
P245820,7
P225420,7
P225187,7
P202057,7
P227048,7
P206363,7
P248896,7
P203566,7
P220354,7
P222313,7
P240244,7
P201415,7
P244079,7
P226606,7
P200761,7
P204687,7
P241113,7
P227967,7
P207938,7
P209476,7
P231767,7
P247055,7
P248287,7
P204655,7
P209914,7
P215637,7
P242890,7
P244974,7
P216549,7
P233246,7
P233855,7
P213369,7
P213372,7
P200308,7
P208301,7
P232995,7
P226254,7
P221902,7
P239766,7
P249253,7
P213241,7
P249060,7
P221963,7
P216077,7
P209251,7
P220723,7
P227140,7
P227167,7
P235689,7
P201085,7
P223665,7
P202798,7
P235864,7
P247457,7
P247491,7
P247404,7
P214823,7
P223065,7
P219546,7
P236843,7
P241392,7
P231305,7
P235896,7
P241353,7
P211207,7
P208048,7
P214838,7
P214852,7
P230748,7
P202215,7
P234600,7
P224877,7
P234520,7
P234708,7
P232791,7
P204379,7
P228365,7
P217778,7
P218970,7
P218936,7
P236174,7
P227736,7
P212839,7
P242368,7
P236264,7
P209768,7
P221306,7
P249920,7
P245356,7
P249394,7
P210411,7
P225168,7
P234422,7
P208629,7
P208652,7
P220880,7
P204291,7
P238154,7
P238186,7
P236782,7
P249827,7
P211322,7
P241845,7
P206842,7
P230985,7
P231008,7
P239060,7
P241783,7
P208828,7
P225893,7
P239128,6
P212299,6
P212312,6
P233575,6
P233588,6
P225811,6
P245132,6
P208809,6
P200213,6
P200209,6
P200207,6
P221565,6
P210427,6
P238744,6
P204089,6
P238708,6
P249411,6
P200290,6
P213410,6
P225929,6
P208759,6
P233355,6
P233351,6
P201722,6
P236484,6
P223254,6
P242020,6
P211326,6
P241767,6
P219191,6
P230897,6
P247726,6
P200937,6
P215212,6
P219208,6
P223407,6
P223397,6
P209800,6
P223318,6
P236447,6
P227817,6
P241596,6
P204814,6
P247622,6
P202921,6
P211388,6
P242108,6
P211358,6
P219114,6
P242344,6
P219173,6
P230766,6
P204854,6
P219369,6
P241613,6
P230760,6
P206960,6
P209939,6
P204777,6
P241466,6
P223115,6
P227384,6
P206768,6
P206745,6
P242160,6
P209747,6
P236242,6
P242267,6
P242262,6
P212869,6
P214928,6
P208095,6
P200819,6
P200797,6
P227205,6
P227338,6
P231309,6
P215372,6
P209637,6
P242311,6
P211509,6
P202812,6
P242405,6
P205074,6
P205060,6
P215380,6
P247972,6
P230641,6
P235781,6
P235763,6
P215327,6
P215398,6
P247496,6
P242497,6
P242494,6
P202790,6
P231518,6
P206982,6
P241313,6
P241308,6
P241230,6
P236880,6
P227788,6
P230651,6
P204715,6
P219596,6
P203207,6
P222894,6
P236989,6
P230544,6
P207945,6
P247377,6
P247373,6
P231707,6
P223838,6
P235813,6
P242773,6
P242760,6
P242656,6
P235783,6
P218610,6
P218565,6
P202627,6
P242977,6
P205189,6
P235762,6
P215507,6
P201133,6
P205156,6
P223933,6
P223925,6
P218760,6
P242782,6
P215451,6
P213057,6
P214702,6
P211151,6
P211146,6
P211180,6
P211169,6
P241063,6
P204677,6
P237055,6
P248196,6
P227933,6
P231651,6
P231626,6
P218669,6
P209584,6
P235663,6
P218540,6
P218614,6
P219752,6
P240957,6
P210038,6
P227870,6
P204590,6
P201198,6
P247049,6
P208330,6
P231739,6
P202653,6
P202632,6
P205208,6
P215685,6
P212712,6
P212737,6
P227961,6
P230239,6
P237326,6
P219888,6
P203343,6
P240928,6
P248351,6
P248308,6
P237405,6
P231856,6
P235489,6
P243117,6
P206486,6
P246958,6
P246883,6
P230435,6
P211106,6
P240736,6
P208412,6
P215739,6
P218461,6
P235389,6
P235340,6
P224232,6
P202560,6
P202539,6
P224281,6
P205291,6
P205290,6
P235331,6
P212708,6
P210015,6
P214666,6
P219992,6
P210975,6
P222474,6
P203454,6
P211017,6
P210057,6
P229925,6
P226866,6
P235422,6
P224307,6
P201345,6
P231990,6
P214580,6
P230101,6
P211055,6
P240755,6
P207879,6
P240707,6
P237595,6
P248554,6
P248538,6
P213207,6
P246662,6
P206428,6
P232137,6
P215765,6
P224401,6
P205344,6
P224318,6
P246610,6
P230028,6
P229980,6
P240428,6
P237788,6
P210136,6
P222406,6
P220257,6
P220232,6
P240487,6
P243915,6
P218211,6
P211764,6
P218114,6
P211780,6
P202397,6
P234940,6
P248637,6
P248625,6
P240270,6
P240229,6
P240194,6
P222267,6
P237939,6
P204415,6
P240344,6
P203562,6
P237909,6
P232403,6
P234935,6
P217989,6
P224714,6
P234873,6
P234838,6
P228240,6
P220631,6
P204350,6
P220392,6
P201446,6
P246465,6
P226543,6
P226532,6
P208499,6
P208498,6
P215903,6
P215902,6
P202301,6
P202275,6
P211881,6
P211865,6
P202353,6
P200368,6
P210301,6
P226507,6
P246335,6
P232609,6
P208524,6
P234698,6
P224805,6
P217726,6
P217851,6
P224787,6
P201455,6
P248867,6
P229529,6
P240098,6
P240072,6
P212466,6
P224871,6
P216161,6
P246136,6
P226361,6
P208572,6
P232667,6
P206306,6
P244220,6
P217564,6
P205507,6
P229472,6
P203667,6
P220449,6
P203590,6
P229653,6
P221989,6
P214072,6
P213217,6
P214052,6
P214033,6
P214031,6
P214184,6
P213223,6
P238313,6
P206242,6
P246132,6
P244223,6
P224902,6
P205605,6
P234500,6
P232961,6
P228493,6
P229340,6
P239804,6
P238226,6
P238205,6
P238199,6
P232910,6
P202184,6
P202177,6
P205678,6
P224946,6
P225089,6
P225025,6
P234393,6
P212021,6
P232837,6
P239772,6
P238365,6
P239579,6
P201658,6
P212451,6
P216450,6
P205691,6
P217381,6
P217297,6
P216502,6
P245736,6
P206190,6
P238310,6
P228544,6
P207348,6
P229398,6
P244703,6
P233012,6
P226222,6
P212464,6
P217272,6
P217267,6
P225354,6
P225316,6
P225312,6
P217152,6
P244688,6
P225410,6
P249270,6
P249217,6
P249214,6
P213894,6
P204191,6
P207408,6
P228682,6
P228671,6
P210334,6
P221932,6
P210694,6
P200284,6
P244802,6
P212412,6
P226140,6
P233128,6
P206157,6
P233095,6
P244741,6
P244729,6
P229232,6
P221137,6
P221791,6
P210353,6
P210352,6
P238548,6
P203771,6
P239581,6
P229218,6
P245500,6
P201730,6
P226067,6
P217139,6
P244866,6
P234055,6
P225548,6
P245077,6
P225766,6
P233489,6
P233993,6
P201912,6
P216651,6
P225999,6
P226055,6
P226044,6
P244895,6
P244894,6
P225505,6
P216627,6
P209003,6
P228718,6
P207647,6
P225956,6
P228935,6
P239175,6
P213699,6
P249914,6
P213499,6
P239069,6
P249613,6
P239293,6
P221318,6
P204017,6
P238906,6
P210556,6
P203907,6
P210619,6
P225860,6
P215151,6
P212904,6
P210489,6
P239025,6
P213494,6
P249643,6
P200177,6
P200159,6
P228853,6
P200111,6
P213771,6
P213764,6
P213806,6
P213417,6
P216839,6
P245272,6
P249934,5
P213543,5
P249931,5
P213582,5
P200013,5
P249993,5
P213501,5
P200073,5
P228842,5
P249700,5
P221497,5
P239189,5
P229093,5
P213754,5
P249602,5
P207605,5
P229062,5
P229042,5
P229039,5
P229028,5
P229000,5
P204025,5
P221266,5
P221237,5
P239323,5
P239280,5
P221337,5
P210446,5
P212251,5
P225848,5
P225847,5
P225970,5
P205971,5
P233461,5
P233445,5
P201882,5
P201867,5
P245198,5
P245170,5
P245160,5
P225820,5
P208862,5
P205905,5
P233677,5
P233328,5
P233303,5
P216583,5
P216951,5
P245023,5
P233818,5
P205884,5
P225722,5
P208900,5
P233783,5
P233763,5
P233756,5
P233706,5
P208825,5
P245292,5
P245267,5
P233239,5
P201702,5
P216552,5
P217077,5
P217027,5
P217021,5
P217007,5
P244927,5
P225657,5
P225642,5
P208911,5
P233960,5
P233923,5
P245350,5
P245333,5
P233386,5
P233204,5
P233186,5
P233161,5
P217135,5
P212134,5
P201951,5
P244845,5
P234045,5
P208978,5
P234032,5
P245447,5
P245433,5
P201774,5
P201759,5
P233241,5
P233240,5
P206142,5
P216448,5
P244767,5
P205786,5
P209018,5
P209000,5
P234128,5
P201976,5
P212361,5
P245597,5
P245540,5
P245530,5
P226025,5
P226013,5
P226086,5
P233224,5
P234232,5
P212112,5
P244690,5
P244651,5
P244649,5
P225282,5
P205730,5
P244793,5
P233160,5
P245676,5
P245665,5
P245890,5
P245647,5
P245612,5
P206033,5
P208707,5
P216490,5
P216486,5
P245721,5
P208693,5
P226108,5
P233067,5
P233027,5
P233007,5
P216319,5
P217270,5
P234288,5
P209110,5
P225377,5
P225327,5
P225309,5
P234253,5
P245813,5
P212438,5
P208679,5
P226196,5
P226235,5
P233004,5
P225106,5
P205700,5
P205696,5
P217238,5
P217476,5
P212062,5
P212061,5
P244504,5
P244586,5
P202090,5
P234434,5
P224932,5
P225074,5
P225044,5
P209145,5
P225021,5
P212029,5
P202124,5
P244423,5
P234374,5
P234356,5
P225180,5
P225169,5
P216315,5
P245875,5
P245830,5
P232958,5
P216255,5
P216238,5
P212479,5
P233077,5
P232859,5
P232855,5
P202160,5
P217619,5
P217581,5
P217569,5
P244360,5
P212003,5
P209166,5
P234459,5
P234449,5
P206228,5
P226269,5
P208595,5
P232818,5
P232795,5
P232793,5
P202169,5
P244291,5
P244258,5
P234729,5
P234712,5
P224927,5
P224918,5
P234581,5
P244412,5
P244410,5
P232711,5
P232699,5
P206307,5
P234654,5
P234599,5
P202209,5
P244211,5
P244188,5
P244186,5
P202263,5
P212002,5
P211990,5
P246314,5
P246300,5
P246130,5
P246072,5
P232591,5
P226559,5
P226555,5
P224743,5
P224718,5
P205591,5
P209210,5
P217725,5
P244133,5
P224761,5
P216151,5
P216130,5
P216119,5
P246145,5
P206263,5
P206250,5
P208527,5
P208526,5
P234825,5
P244063,5
P244049,5
P234819,5
P205489,5
P234783,5
P205550,5
P224747,5
P226477,5
P246278,5
P246233,5
P212521,5
P226455,5
P232606,5
P218038,5
P202380,5
P243927,5
P234904,5
P205481,5
P205478,5
P224681,5
P209295,5
P209290,5
P205472,5
P234878,5
P234842,5
P212571,5
P246402,5
P246361,5
P246356,5
P208482,5
P208475,5
P208462,5
P226659,5
P226656,5
P208510,5
P206384,5
P226741,5
P217949,5
P243861,5
P243827,5
P243798,5
P211769,5
P211768,5
P217881,5
P218069,5
P234985,5
P205440,5
P209326,5
P211815,5
P211784,5
P243736,5
P209322,5
P209319,5
P224587,5
P224569,5
P224565,5
P234966,5
P216003,5
P215987,5
P212598,5
P232389,5
P226712,5
P226681,5
P206381,5
P232253,5
P246809,5
P246595,5
P246567,5
P246536,5
P215941,5
P215791,5
P212626,5
P205420,5
P211766,5
P243636,5
P224487,5
P224463,5
P232199,5
P226806,5
P226798,5
P232158,5
P232085,5
P224405,5
P205357,5
P243546,5
P243518,5
P243492,5
P243488,5
P243462,5
P218274,5
P224339,5
P224525,5
P235171,5
P226747,5
P226886,5
P226876,5
P232016,5
P218239,5
P218302,5
P202473,5
P202509,5
P205335,5
P224313,5
P205322,5
P235278,5
P235253,5
P201339,5
P246689,5
P232219,5
P224235,5
P202448,5
P243547,5
P218358,5
P224201,5
P224255,5
P205293,5
P205286,5
P235319,5
P218266,5
P218261,5
P246791,5
P246730,5
P215843,5
P215841,5
P232059,5
P206487,5
P246954,5
P246826,5
P201324,5
P201321,5
P226936,5
P215674,5
P215646,5
P243237,5
P243223,5
P218454,5
P224104,5
P224085,5
P235391,5
P235383,5
P235356,5
P206538,5
P227033,5
P231864,5
P205274,5
P205243,5
P224132,5
P218410,5
P218508,5
P211659,5
P243171,5
P243124,5
P218356,5
P218347,5
P218335,5
P218328,5
P243251,5
P247052,5
P227117,5
P227111,5
P206553,5
P231723,5
P243261,5
P243090,5
P243088,5
P243043,5
P243042,5
P243039,5
P242980,5
P218557,5
P224020,5
P235495,5
P215718,5
P235654,5
P235628,5
P218541,5
P218537,5
P209522,5
P224055,5
P205183,5
P235587,5
P235539,5
P235502,5
P224054,5
P206575,5
P247133,5
P201223,5
P247095,5
P247066,5
P247181,5
P247175,5
P247155,5
P206604,5
P206594,5
P231683,5
P231635,5
P231603,5
P218696,5
P218683,5
P211602,5
P242871,5
P242852,5
P223886,5
P209585,5
P223949,5
P227151,5
P227122,5
P208283,5
P235751,5
P242830,5
P218643,5
P218616,5
P218759,5
P211544,5
P242903,5
P202661,5
P211560,5
P218703,5
P215543,5
P215529,5
P247192,5
P201147,5
P206659,5
P231453,5
P231448,5
P231369,5
P223826,5
P242674,5
P242605,5
P242587,5
P242582,5
P242580,5
P247328,5
P215611,5
P215583,5
P215566,5
P215559,5
P247440,5
P212835,5
P215317,5
P215427,5
P215421,5
P235870,5
P218764,5
P218867,5
P218839,5
P218802,5
P223713,5
P209571,5
P223855,5
P212756,5
P247365,5
P201148,5
P211507,5
P211506,5
P202786,5
P242430,5
P223638,5
P223620,5
P223610,5
P209657,5
P235906,5
P235903,5
P235893,5
P236069,5
P235890,5
P201063,5
P215458,5
P212779,5
P227331,5
P208258,5
P231356,5
P231342,5
P231336,5
P247609,5
P247604,5
P236002,5
P205051,5
P202739,5
P242541,5
P242326,5
P242309,5
P202859,5
P211427,5
P218941,5
P218913,5
P211431,5
P242280,5
P209707,5
P209702,5
P204963,5
P236133,5
P236130,5
P205010,5
P204991,5
P236036,5
P236014,5
P247448,5
P227211,5
P227207,5
P227355,5
P201050,5
P201042,5
P206713,5
P231291,5
P227372,5
P231289,5
P231280,5
P231262,5
P242180,5
P242176,5
P242174,5
P242147,5
P209744,5
P209727,5
P236214,5
P209717,5
P204928,5
P236382,5
P236326,5
P236320,5
P218984,5
P211368,5
P242120,5
P242088,5
P211357,5
P242226,5
P242216,5
P242202,5
P242191,5
P247560,5
P247558,5
P247553,5
P215295,5
P247657,5
P247620,5
P208216,5
P208204,5
P231131,5
P231100,5
P231088,5
P208170,5
P219095,5
P219087,5
P242007,5
P241973,5
P202962,5
P241920,5
P236418,5
P200918,5
P200917,5
P200959,5
P212948,5
P212929,5
P247783,5
P211355,5
P211353,5
P241899,5
P241889,5
P241863,5
P223224,5
P223217,5
P204876,5
P236422,5
P212915,5
P247756,5
P227619,5
P208149,5
P230979,5
P230975,5
P236490,5
P236486,5
P203038,5
P203006,5
P219169,5
P219230,5
P227419,5
P227405,5
P227450,5
P231081,5
P231076,5
P247792,5
P227679,5
P230802,5
P230788,5
P241715,5
P219407,5
P219399,5
P219391,5
P241660,5
P241612,5
P236788,5
P236581,5
P236574,5
P236499,5
P247769,5
P247762,5
P227762,5
P227809,5
P211282,5
P241577,5
P241547,5
P241539,5
P241500,5
P223103,5
P223154,5
P209876,5
P236680,5
P236609,5
P248069,5
P247852,5
P247802,5
P247798,5
P219476,5
P219442,5
P203101,5
P241482,5
P241455,5
P211233,5
P211223,5
P223063,5
P236777,5
P236755,5
P236751,5
P241609,5
P214851,5
P212964,5
P200885,5
P200875,5
P230689,5
P230666,5
P248091,5
P200844,5
P214903,5
P230647,5
P230604,5
P219553,5
P203160,5
P203159,5
P241397,5
P209933,5
P209910,5
P209903,5
P236872,5
P236826,5
P208014,5
P214793,5
P248119,5
P227841,5
P227819,5
P208001,5
P207005,5
P230530,5
P241311,5
P204738,5
P223013,5
P222993,5
P236939,5
P236890,5
P219529,5
P211267,5
P200661,5
P200787,5
P248134,5
P213060,5
P214708,5
P214705,5
P214703,5
P219591,5
P203260,5
P203245,5
P219668,5
P222888,5
P209965,5
P236992,5
P241371,5
P230601,5
P248235,5
P248232,5
P248230,5
P227899,5
P227891,5
P207051,5
P227955,5
P227943,5
P222839,5
P211137,5
P211117,5
P219708,5
P241028,5
P222836,5
P237094,5
P207986,5
P237208,5
P237185,5
P237179,5
P203290,5
P203277,5
P219774,5
P219773,5
P219739,5
P240995,5
P240977,5
P210042,5
P237165,5
P237140,5
P222855,5
P222854,5
P213079,5
P248343,5
P248324,5
P248321,5
P200734,5
P248302,5
P227929,5
P227913,5
P230288,5
P240913,5
P240901,5
P240890,5
P204628,5
P210067,5
P222791,5
P237257,5
P237210,5
P230246,5
P230238,5
P230232,5
P214482,5
P237293,5
P237289,5
P240882,5
P219813,5
P219906,5
P211079,5
P203345,5
P203324,5
P219734,5
P219859,5
P200600,5
P248360,5
P207921,5
P219865,5
P203366,5
P240791,5
P240780,5
P240777,5
P211036,5
P237524,5
P237358,5
P230434,5
P214640,5
P214605,5
P248435,5
P248428,5
P200683,5
P230408,5
P222524,5
P237504,5
P237442,5
P222612,5
P211020,5
P220028,5
P220026,5
P210065,5
P204538,5
P237393,5
P214481,5
P213103,5
P214584,5
P214550,5
P207103,5
P207089,5
P200572,5
P248555,5
P228014,5
P228077,5
P228037,5
P207150,5
P230060,5
P230197,5
P229954,5
P220010,5
P220058,5
P220032,5
P203424,5
P240668,5
P240654,5
P210104,5
P248630,5
P228130,5
P228080,5
P228170,5
P229871,5
P210156,5
P237713,5
P237705,5
P237693,5
P240708,5
P220114,5
P203459,5
P237843,5
P222528,5
P210114,5
P213164,5
P210160,5
P237757,5
P204462,5
P204459,5
P203494,5
P210985,5
P220303,5
P240508,5
P222394,5
P222368,5
P222438,5
P210158,5
P229913,5
P229904,5
P229897,5
P200556,5
P248718,5
P229840,5
P229838,5
P229837,5
P207235,5
P228270,5
P229795,5
P229763,5
P237892,5
P237876,5
P237872,5
P237860,5
P220129,5
P220377,5
P240399,5
P204445,5
P222169,5
P222148,5
P222355,5
P222246,5
P237955,5
P237946,5
P220311,5
P220432,5
P210892,5
P240305,5
P204398,5
P204388,5
P214439,5
P214438,5
P214414,5
P214407,5
P248788,5
P200523,5
P214353,5
P207852,5
P207840,5
P228198,5
P228336,5
P229733,5
P229713,5
P229676,5
P229675,5
P220382,5
P210851,5
P240284,5
P203606,5
P220517,5
P248848,5
P228381,5
P228375,5
P229619,5
P229549,5
P214186,5
P240081,5
P240079,5
P204270,5
P204345,5
P204344,5
P237976,5
P237972,5
P204358,5
P222203,5
P207260,5
P222019,5
P222009,5
P210226,5
P222077,5
P222031,5
P222028,5
P220598,5
P220817,5
P203651,5
P239983,5
P220498,5
P220669,5
P210827,5
P210818,5
P229658,5
P214316,5
P213227,5
P200388,5
P249007,5
P248991,5
P248978,5
P228354,5
P228341,5
P228337,5
P228454,5
P229477,5
P238159,5
P238125,5
P220855,5
P220841,5
P239880,5
P239866,5
P229447,5
P229425,5
P229421,5
P229403,5
P239827,5
P239786,5
P204237,5
P238235,5
P238215,5
P214134,5
P249033,5
P214220,5
P213240,5
P249179,5
P249135,5
P249102,5
P214020,5
P239776,5
P221925,5
P221954,5
P221938,5
P238388,5
P238343,5
P238302,5
P203695,5
P239829,5
P249093,5
P249087,5
P249085,5
P214171,5
P228547,5
P207361,5
P207443,5
P228690,5
P210328,5
P220970,5
P239718,5
P239630,5
P210715,5
P210709,5
P210704,5
P220885,5
P229312,5
P207424,5
P207421,5
P213303,5
P213926,5
P213891,5
P221827,5
P238673,5
P238624,5
P210356,5
P238554,5
P210664,5
P221863,5
P221857,5
P238457,5
P213336,5
P249353,5
P249346,5
P207676,5
P207675,5
P229290,5
P229277,5
P249493,5
P249439,5
P249410,5
P200289,5
P228625,5
P207651,5
P204134,5
P221750,5
P220973,5
P203820,5
P239507,5
P239502,5
P221185,5
P221167,5
P221747,5
P221722,5
P213867,5
P249535,5
P249514,5
P229164,5
P207611,5
P207477,5
P204042,5
P221604,5
P221708,5
P238848,5
P238820,5
P238809,5
P238759,5
P238754,5
P238720,5
P213838,5
P238940,5
P204069,5
P239433,5
P210582,5
P203869,5
P239358,5
P239342,5
P239324,5
P221118,5
P239449,5
P239446,5
P239441,5
P229184,5
P229169,5
P213887,5
P213878,5
P213603,5
P239123,5
P210494,5
P221344,5
P210509,5
P221539,5
P239021,5
P239009,5
P228998,5
P249683,5
P249679,5
P249661,5
P213407,5
P228879,5
P213711,5
P200099,5
P216781,5
P216771,5
P212218,5
P212217,5
P216852,5
P201839,5
P201821,5
P205957,5
P225905,5
P207565,5
P228892,5
P228890,5
P200009,5
P249841,5
P200121,5
P213616,5
P200008,4
P249942,4
P249937,4
P200051,4
P228949,4
P228940,4
P228859,4
P213794,4
P200168,4
P249658,4
P249666,4
P213490,4
P213682,4
P213686,4
P228999,4
P229011,4
P229047,4
P207604,4
P228755,4
P228766,4
P228776,4
P207609,4
P203938,4
P203953,4
P203954,4
P210519,4
P221398,4
P221420,4
P210493,4
P210497,4
P210589,4
P221295,4
P221308,4
P239113,4
P239117,4
P203963,4
P221440,4
P221460,4
P204022,4
P221312,4
P239238,4
P239248,4
P239258,4
P239273,4
P221229,4
P221274,4
P238998,4
P239051,4
P221541,4
P221547,4
P203981,4
P239081,4
P239222,4
P239226,4
P221086,4
P221114,4
P221275,4
P239414,4
P203830,4
P203883,4
P203893,4
P238877,4
P238889,4
P238910,4
P238946,4
P210438,4
P210461,4
P221645,4
P210468,4
P204019,4
P221650,4
P221663,4
P221690,4
P221694,4
P238742,4
P210433,4
P204045,4
P203849,4
P203866,4
P239467,4
P239468,4
P210626,4
P221198,4
P221208,4
P221223,4
P210649,4
P221735,4
P221123,4
P221169,4
P221187,4
P239484,4
P203809,4
P203810,4
P221009,4
P221016,4
P221021,4
P221755,4
P210397,4
P210410,4
P204080,4
P204101,4
P204106,4
P204147,4
P204149,4
P210354,4
P221876,4
P204113,4
P204170,4
P238639,4
P238641,4
P238660,4
P238665,4
P238685,4
P221814,4
P221826,4
P221829,4
P221836,4
P221726,4
P204188,4
P204194,4
P221067,4
P203832,4
P239535,4
P239552,4
P239555,4
P239594,4
P239601,4
P210646,4
P220936,4
P220952,4
P203775,4
P238476,4
P238495,4
P238569,4
P203794,4
P239646,4
P239654,4
P239659,4
P239731,4
P203747,4
P220954,4
P203750,4
P203751,4
P203752,4
P203754,4
P204201,4
P204206,4
P238419,4
P238441,4
P238452,4
P239837,4
P203682,4
P220819,4
P210729,4
P210732,4
P238297,4
P238381,4
P221952,4
P221962,4
P221880,4
P239736,4
P239771,4
P210716,4
P220891,4
P220929,4
P220931,4
P238168,4
P238178,4
P204266,4
P221996,4
P238210,4
P204234,4
P204240,4
P221999,4
P204257,4
P238277,4
P238287,4
P203718,4
P203733,4
P239811,4
P239819,4
P239828,4
P222007,4
P222026,4
P203706,4
P239888,4
P203659,4
P220836,4
P220840,4
P220843,4
P220879,4
P220674,4
P220709,4
P210258,4
P210270,4
P210273,4
P238126,4
P238129,4
P220494,4
P220722,4
P203642,4
P220726,4
P220745,4
P220752,4
P220764,4
P220810,4
P220578,4
P220580,4
P220614,4
P204326,4
P210275,4
P210281,4
P222043,4
P210230,4
P240201,4
P210864,4
P220543,4
P220554,4
P220379,4
P220394,4
P222182,4
P222188,4
P237993,4
P238022,4
P204308,4
P204317,4
P220633,4
P240094,4
P220654,4
P220486,4
P238006,4
P204400,4
P204406,4
P220398,4
P203589,4
P240315,4
P240324,4
P240332,4
P203533,4
P210891,4
P203537,4
P237952,4
P237959,4
P222298,4
P210233,4
P222123,4
P204444,4
P240355,4
P240422,4
P240423,4
P240434,4
P240481,4
P210910,4
P210920,4
P220125,4
P220145,4
P220166,4
P237853,4
P237877,4
P237879,4
P237891,4
P222365,4
P222381,4
P222398,4
P210940,4
P203523,4
P203527,4
P240503,4
P203488,4
P220286,4
P203500,4
P222404,4
P222412,4
P222424,4
P222425,4
P237772,4
P237820,4
P204436,4
P204427,4
P204433,4
P203501,4
P240544,4
P240558,4
P240564,4
P240591,4
P240601,4
P220111,4
P220119,4
P203460,4
P203462,4
P237722,4
P237729,4
P237747,4
P210139,4
P203470,4
P203478,4
P240672,4
P203423,4
P220033,4
P220001,4
P220012,4
P204509,4
P204518,4
P237588,4
P237630,4
P237633,4
P204484,4
P204493,4
P204494,4
P237834,4
P240680,4
P240683,4
P240685,4
P240698,4
P240706,4
P219946,4
P219973,4
P219975,4
P222597,4
P222614,4
P204554,4
P237438,4
P237441,4
P237460,4
P237478,4
P222451,4
P237564,4
P204592,4
P240751,4
P240785,4
P211053,4
P203371,4
P203386,4
P237435,4
P222628,4
P222632,4
P222530,4
P222542,4
P222546,4
P222557,4
P211023,4
P240675,4
P219862,4
P240930,4
P240856,4
P203341,4
P203356,4
P219895,4
P219934,4
P219944,4
P203361,4
P240876,4
P237313,4
P237355,4
P204578,4
P204588,4
P222727,4
P222730,4
P222773,4
P240954,4
P240975,4
P219744,4
P219749,4
P219750,4
P203275,4
P241026,4
P237246,4
P237264,4
P222776,4
P222781,4
P222797,4
P210068,4
P203321,4
P219820,4
P222820,4
P222837,4
P241051,4
P219727,4
P219638,4
P219641,4
P219643,4
P219667,4
P237109,4
P237141,4
P237154,4
P204638,4
P204652,4
P222856,4
P222864,4
P210031,4
P219687,4
P203247,4
P241126,4
P241132,4
P241144,4
P241184,4
P203204,4
P211183,4
P222903,4
P222954,4
P209946,4
P237064,4
P237067,4
P237081,4
P204667,4
P222815,4
P211196,4
P241284,4
P219628,4
P219636,4
P203106,4
P241379,4
P236979,4
P236984,4
P236988,4
P236994,4
P237003,4
P209962,4
P222972,4
P210004,4
P222892,4
P219685,4
P219560,4
P219579,4
P219584,4
P219500,4
P219525,4
P236881,4
P236884,4
P236898,4
P236900,4
P236901,4
P236950,4
P223018,4
P204695,4
P204717,4
P204718,4
P211191,4
P241472,4
P241493,4
P219466,4
P203122,4
P204793,4
P236833,4
P236855,4
P236868,4
P223081,4
P223082,4
P209921,4
P209926,4
P241398,4
P241437,4
P203144,4
P219558,4
P241576,4
P241582,4
P211254,4
P211260,4
P219343,4
P211283,4
P209846,4
P209862,4
P204827,4
P236740,4
P236764,4
P223030,4
P223033,4
P219531,4
P219532,4
P219549,4
P204841,4
P241620,4
P241678,4
P219359,4
P219382,4
P203045,4
P241753,4
P241760,4
P204857,4
P236705,4
P223128,4
P223083,4
P223084,4
P223099,4
P241527,4
P241543,4
P219229,4
P219282,4
P219189,4
P241768,4
P241770,4
P241808,4
P211304,4
P211324,4
P219303,4
P219318,4
P241842,4
P236492,4
P236528,4
P236546,4
P236554,4
P236792,4
P241918,4
P202973,4
P202988,4
P242013,4
P242017,4
P219023,4
P219078,4
P204887,4
P223280,4
P223287,4
P223289,4
P223196,4
P223226,4
P241849,4
P241853,4
P241864,4
P242084,4
P242112,4
P242125,4
P242129,4
P218993,4
P219004,4
P236316,4
P236341,4
P236371,4
P209751,4
P209764,4
P223451,4
P204840,4
P236396,4
P219195,4
P219197,4
P242273,4
P242276,4
P242277,4
P211475,4
P218920,4
P236183,4
P236185,4
P236211,4
P236224,4
P236228,4
P209718,4
P236247,4
P204947,4
P242156,4
P242331,4
P242372,4
P236030,4
P223550,4
P223565,4
P223567,4
P223575,4
P209701,4
P205009,4
P236123,4
P223581,4
P223460,4
P223486,4
P223519,4
P242376,4
P202884,4
P242241,4
P242255,4
P242493,4
P211460,4
P211510,4
P218939,4
P218946,4
P218950,4
P242310,4
P242319,4
P202733,4
P202756,4
P209629,4
P209642,4
P205044,4
P235992,4
P236000,4
P236003,4
P205066,4
P236054,4
P236074,4
P236085,4
P205082,4
P235901,4
P235930,4
P235935,4
P205033,4
P209644,4
P223594,4
P242414,4
P242424,4
P242440,4
P242445,4
P242468,4
P223880,4
P223712,4
P223719,4
P218821,4
P218824,4
P242533,4
P218770,4
P218785,4
P202764,4
P223753,4
P223778,4
P205097,4
P235868,4
P235877,4
P235878,4
P205062,4
P205135,4
P235798,4
P235811,4
P242581,4
P242599,4
P242621,4
P242626,4
P242646,4
P211502,4
P202717,4
P202724,4
P235862,4
P209616,4
P223821,4
P223834,4
P223863,4
P211559,4
P242922,4
P242790,4
P211573,4
P211575,4
P218719,4
P218722,4
P211543,4
P218738,4
P218748,4
P218645,4
P223902,4
P223910,4
P235706,4
P205126,4
P205128,4
P242971,4
P242973,4
P211631,4
P218580,4
P218604,4
P218556,4
P235611,4
P235644,4
P235657,4
P235691,4
P223985,4
P223990,4
P209589,4
P242833,4
P218679,4
P218707,4
P224045,4
P224047,4
P202634,4
P243024,4
P243281,4
P202535,4
P202602,4
P235509,4
P209512,4
P209529,4
P209530,4
P205136,4
P205139,4
P235596,4
P242964,4
P242969,4
P243220,4
P243239,4
P202613,4
P243147,4
P218515,4
P218517,4
P218523,4
P218530,4
P218405,4
P218407,4
P218449,4
P224144,4
P205255,4
P235483,4
P235500,4
P205235,4
P243336,4
P218389,4
P218394,4
P243575,4
P243374,4
P224234,4
P209437,4
P235357,4
P235362,4
P235371,4
P224105,4
P218474,4
P218477,4
P211648,4
P202583,4
P202595,4
P243457,4
P202477,4
P211709,4
P211710,4
P218272,4
P224267,4
P224268,4
P209507,4
P224168,4
P224190,4
P218372,4
P218376,4
P202543,4
P202561,4
P243311,4
P243332,4
P209365,4
P209383,4
P224282,4
P224284,4
P209414,4
P205363,4
P235243,4
P235287,4
P235299,4
P235302,4
P209415,4
P235306,4
P235312,4
P243394,4
P243420,4
P243451,4
P224532,4
P224324,4
P224362,4
P218298,4
P211703,4
P202489,4
P243473,4
P243479,4
P243533,4
P218181,4
P211731,4
P211736,4
P224392,4
P235183,4
P235215,4
P205351,4
P202457,4
P243630,4
P243631,4
P243701,4
P243702,4
P218226,4
P243899,4
P202434,4
P202435,4
P205422,4
P235110,4
P235126,4
P235129,4
P209348,4
P224516,4
P224518,4
P243757,4
P202393,4
P202396,4
P211788,4
P218161,4
P211819,4
P224544,4
P224547,4
P205443,4
P234994,4
P235018,4
P235032,4
P235048,4
P235071,4
P205402,4
P211743,4
P217858,4
P217864,4
P217874,4
P218157,4
P243779,4
P243782,4
P243868,4
P217959,4
P234908,4
P234961,4
P224570,4
P224660,4
P224536,4
P209324,4
P243704,4
P243728,4
P211858,4
P202342,4
P202345,4
P244003,4
P244006,4
P244046,4
P217910,4
P244072,4
P209300,4
P234890,4
P243923,4
P243967,4
P211849,4
P218040,4
P218043,4
P211811,4
P205594,4
P234679,4
P234686,4
P234695,4
P234703,4
P224721,4
P224725,4
P234748,4
P234758,4
P234763,4
P234772,4
P234782,4
P234789,4
P209240,4
P209286,4
P205514,4
P224853,4
P224795,4
P224797,4
P244084,4
P244121,4
P217774,4
P211932,4
P217803,4
P217816,4
P211885,4
P211901,4
P217716,4
P217722,4
P224807,4
P224829,4
P209198,4
P244256,4
P217692,4
P217551,4
P217737,4
P217747,4
P202260,4
P244159,4
P244189,4
P217650,4
P244216,4
P244219,4
P205614,4
P205617,4
P234612,4
P234662,4
P209211,4
P244349,4
P244358,4
P202139,4
P217640,4
P202142,4
P209188,4
P209190,4
P234515,4
P205596,4
P224917,4
P205521,4
P244222,4
P244227,4
P244228,4
P244233,4
P244238,4
P234421,4
P205670,4
P224928,4
P224931,4
P224982,4
P224988,4
P224992,4
P234429,4
P234432,4
P234433,4
P234465,4
P205628,4
P224884,4
P224887,4
P209176,4
P244327,4
P205629,4
P205634,4
P244445,4
P244449,4
P244450,4
P202118,4
P202120,4
P217507,4
P217514,4
P217523,4
P244587,4
P244614,4
P244623,4
P202136,4
P234388,4
P234405,4
P217229,4
P212068,4
P244505,4
P244518,4
P244525,4
P244543,4
P244549,4
P217361,4
P217440,4
P217243,4
P217259,4
P217265,4
P225101,4
P225113,4
P225153,4
P225162,4
P244666,4
P244686,4
P212093,4
P212105,4
P244696,4
P234224,4
P205728,4
P225295,4
P234293,4
P205684,4
P217276,4
P244555,4
P202078,4
P244559,4
P217191,4
P217218,4
P217189,4
P201998,4
P201999,4
P202000,4
P234161,4
P234173,4
P225406,4
P225419,4
P225425,4
P225436,4
P225474,4
P225286,4
P205749,4
P244634,4
P244656,4
P244659,4
P201959,4
P201969,4
P212152,4
P244874,4
P234126,4
P205759,4
P205765,4
P205768,4
P208996,4
P225491,4
P209012,4
P205792,4
P244759,4
P244776,4
P217183,4
P217186,4
P244887,4
P244910,4
P244944,4
P217054,4
P216938,4
P212207,4
P234000,4
P234006,4
P234028,4
P205804,4
P208975,4
P225583,4
P234076,4
P234090,4
P244837,4
P244859,4
P216944,4
P216945,4
P216953,4
P216973,4
P201898,4
P245076,4
P245101,4
P233891,4
P233909,4
P233963,4
P208918,4
P225616,4
P225629,4
P225674,4
P225530,4
P205861,4
P245154,4
P212219,4
P212230,4
P216890,4
P216928,4
P245306,4
P245309,4
P233734,4
P233759,4
P233764,4
P225704,4
P225759,4
P233875,4
P245013,4
P245028,4
P245040,4
P225800,4
P205956,4
P233566,4
P245205,4
P245207,4
P245221,4
P201820,4
P201823,4
P216856,4
P233622,4
P233655,4
P233667,4
P225688,4
P208884,4
P208887,4
P205915,4
P216791,4
P216798,4
P216825,4
P212254,4
P201844,4
P245227,4
P245246,4
P201794,4
P245321,4
P245332,4
P233496,4
P233540,4
P205934,4
P205940,4
P208830,4
P225892,4
P212343,4
P216714,4
P212281,4
P212292,4
P216609,4
P216626,4
P216650,4
P233439,4
P233452,4
P205973,4
P208813,4
P225940,4
P225976,4
P225836,4
P225838,4
P216788,4
P245468,4
P245486,4
P216588,4
P216595,4
P206044,4
P233313,4
P233368,4
P233375,4
P233405,4
P208769,4
P225937,4
P233416,4
P245348,4
P245358,4
P216660,4
P216690,4
P201737,4
P245506,4
P245579,4
P212384,4
P226046,4
P226065,4
P206090,4
P233264,4
P233299,4
P206028,4
P225981,4
P225982,4
P208756,4
P245394,4
P245411,4
P245462,4
P201719,4
P245600,4
P245620,4
P245642,4
P245646,4
P212413,4
P212415,4
P245692,4
P233166,4
P233179,4
P226070,4
P226082,4
P226107,4
P208770,4
P208791,4
P216603,4
P216484,4
P216513,4
P216524,4
P216414,4
P216415,4
P216418,4
P206146,4
P233108,4
P233125,4
P233133,4
P208695,4
P226125,4
P206035,4
P206037,4
P206120,4
P201717,4
P208681,4
P216471,4
P212425,4
P245832,4
P216395,4
P208684,4
P233006,4
P233033,4
P233052,4
P233068,4
P233076,4
P208691,4
P245722,4
P245737,4
P245751,4
P212454,4
P245952,4
P245959,4
P245981,4
P245995,4
P246045,4
P212483,4
P216411,4
P216257,4
P212497,4
P232938,4
P232973,4
P232976,4
P232983,4
P232988,4
P232996,4
P226178,4
P246077,4
P246109,4
P246116,4
P201545,4
P216296,4
P216304,4
P216308,4
P246280,4
P246283,4
P232826,4
P232853,4
P232897,4
P226326,4
P206197,4
P232925,4
P201616,4
P246176,4
P246187,4
P246204,4
P216169,4
P216185,4
P216186,4
P216146,4
P206276,4
P232785,4
P232817,4
P232821,4
P208606,4
P226430,4
P226260,4
P226300,4
P246075,4
P212530,4
P212546,4
P246255,4
P201506,4
P201514,4
P246264,4
P246275,4
P201474,4
P246350,4
P226485,4
P232666,4
P232668,4
P232754,4
P226403,4
P201553,4
P246165,4
P246410,4
P246435,4
P212564,4
P216092,4
P216094,4
P246468,4
P246474,4
P226571,4
P226576,4
P232574,4
P232588,4
P232597,4
P232600,4
P226445,4
P226457,4
P226476,4
P216042,4
P216044,4
P216056,4
P212629,4
P215928,4
P232448,4
P232453,4
P232475,4
P232548,4
P232554,4
P226589,4
P226618,4
P208573,4
P226524,4
P246388,4
P246398,4
P226690,4
P226726,4
P208509,4
P206400,4
P206407,4
P232316,4
P232347,4
P232355,4
P232368,4
P226669,4
P206374,4
P246527,4
P201401,4
P201408,4
P212616,4
P215993,4
P201347,4
P212673,4
P212674,4
P215963,4
P246539,4
P246541,4
P246618,4
P246620,4
P246635,4
P246814,4
P246825,4
P246652,4
P232235,4
P232252,4
P232293,4
P226685,4
P215866,4
P201358,4
P201365,4
P246733,4
P215740,4
P215772,4
P232068,4
P232195,4
P226756,4
P208450,4
P226812,4
P232229,4
P246676,4
P246724,4
P201338,4
P201344,4
P201329,4
P201332,4
P201336,4
P246881,4
P246900,4
P246908,4
P215778,4
P201274,4
P246981,4
P232001,4
P232022,4
P206452,4
P208429,4
P226926,4
P226745,4
P215829,4
P215705,4
P215711,4
P215648,4
P215661,4
P206542,4
P231872,4
P231898,4
P231903,4
P231913,4
P231935,4
P231955,4
P231989,4
P226939,4
P226943,4
P226819,4
P208390,4
P247036,4
P247054,4
P247062,4
P247068,4
P247121,4
P201207,4
P201210,4
P247126,4
P231848,4
P226998,4
P227020,4
P226932,4
P206530,4
P246997,4
P247022,4
P212697,4
P247193,4
P212736,4
P215628,4
P215638,4
P215641,4
P215546,4
P215548,4
P231724,4
P231773,4
P231785,4
P231803,4
P231811,4
P208329,4
P226965,4
P206572,4
P206574,4
P215556,4
P212727,4
P201160,4
P201163,4
P247223,4
P247258,4
P212744,4
P212748,4
P227157,4
P227189,4
P231611,4
P231614,4
P231643,4
P231709,4
P206586,4
P247165,4
P206646,4
P201136,4
P201145,4
P247333,4
P212759,4
P215437,4
P215447,4
P201107,4
P231512,4
P231528,4
P231535,4
P231536,4
P231543,4
P231594,4
P208294,4
P227141,4
P247442,4
P247445,4
P212798,4
P215455,4
P215468,4
P212812,4
P201056,4
P227256,4
P227258,4
P227309,4
P206680,4
P206693,4
P206703,4
P231485,4
P206634,4
P231702,4
P215329,4
P215373,4
P247728,4
P201014,4
P231313,4
P208272,4
P227349,4
P227360,4
P227217,4
P247471,4
P215416,4
P215431,4
P247524,4
P247401,4
P247415,4
P247417,4
P231193,4
P247645,4
P247678,4
P215223,4
P215237,4
P212918,4
P215166,4
P231226,4
P231233,4
P231240,4
P231259,4
P231268,4
P206642,4
P247584,4
P212836,4
P212855,4
P227468,4
P227473,4
P227513,4
P227520,4
P208141,4
P227386,4
P227387,4
P227400,4
P227432,4
P206782,4
P206788,4
P231093,4
P231097,4
P231135,4
P231169,4
P208213,4
P212914,4
P214954,4
P215011,4
P215216,4
P200952,4
P200968,4
P247688,4
P247689,4
P200927,4
P215079,4
P215102,4
P215103,4
P231027,4
P231035,4
P231063,4
P231074,4
P227757,4
P230908,4
P230926,4
P230950,4
P230978,4
P208157,4
P227533,4
P227563,4
P227577,4
P227609,4
P227620,4
P208119,4
P231175,4
P247736,4
P200894,4
P200909,4
P227629,4
P200916,4
P247826,4
P247833,4
P247836,4
P247862,4
P247871,4
P215050,4
P215051,4
P200868,4
P227718,4
P227727,4
P227734,4
P230806,4
P230854,4
P230905,4
P227807,4
P208043,4
P247894,4
P247931,4
P247937,4
P247941,4
P247970,4
P212973,4
P214931,4
P208050,4
P208058,4
P206910,4
P230743,4
P230784,4
P230786,4
P230792,4
P230595,4
P208031,4
P206967,4
P212952,4
P247982,4
P247986,4
P248012,4
P248014,4
P248028,4
P248045,4
P200799,4
P230659,4
P230702,4
P230715,4
P208065,4
P227792,4
P248112,4
P248121,4
P213044,4
P213055,4
P214814,4
P214819,4
P213018,4
P214722,4
P214747,4
P214760,4
P214761,4
P230550,4
P230564,4
P230571,4
P230584,4
P230587,4
P213065,4
P200794,4
P248193,4
P248197,4
P200744,4
P200667,4
P200765,4
P248203,4
P207988,4
P230472,4
P206980,4
P207004,4
P230541,4
P207997,4
P227826,4
P227832,4
P200714,4
P200715,4
P248364,4
P248368,4
P248514,4
P248523,4
P200617,4
P227957,4
P207045,4
P207046,4
P207057,4
P230375,4
P227865,4
P248266,4
P214685,4
P214676,4
P248390,4
P248392,4
P248394,4
P248397,4
P213106,4
P213127,4
P214546,4
P214549,4
P230432,4
P230448,4
P207083,4
P230290,4
P230296,4
P230331,4
P230371,4
P227927,4
P200626,4
P200649,4
P248500,4
P248505,4
P214508,4
P214542,4
P207120,4
P230224,4
P230267,4
P230278,4
P207951,4
P207959,4
P227971,4
P230386,4
P230398,4
P200620,4
P248565,4
P248577,4
P248592,4
P213125,4
P213148,4
P207904,4
P207907,4
P230075,4
P230078,4
P230080,4
P230083,4
P230158,4
P230172,4
P230182,4
P230372,4
P214558,4
P229941,4
P229966,4
P229967,4
P207155,4
P230016,4
P230022,4
P230023,4
P207135,4
P207935,4
P228039,4
P227980,4
P227995,4
P228015,4
P213115,4
P248543,4
P248556,4
P207203,4
P248616,4
P248652,4
P248671,4
P248674,4
P200544,4
P214462,4
P214464,4
P214465,4
P214466,4
P248685,4
P248707,4
P248708,4
P207204,4
P229911,4
P229922,4
P200500,4
P214410,4
P214422,4
P213138,4
P213199,4
P213204,4
P214349,4
P229852,4
P229884,4
P207187,4
P207188,4
P207190,4
P207202,4
P228147,4
P228187,4
P228099,4
P214387,4
P200531,4
P248754,4
P248787,4
P248805,4
P248814,4
P214272,4
P214284,4
P214301,4
P207252,4
P207859,4
P228222,4
P228231,4
P228245,4
P228269,4
P248721,4
P200480,4
P200485,4
P248839,4
P248866,4
P200426,4
P213194,4
P200438,4
P200443,4
P248943,4
P207284,4
P229695,4
P228304,4
P207816,4
P228334,4
P228201,4
P214378,4
P228348,4
P248951,4
P213225,4
P214248,4
P214211,4
P229516,4
P229570,4
P228390,4
P228403,4
P228419,4
P228287,4
P228301,4
P229622,4
P207272,4
P214306,4
P214309,4
P200405,4
P249023,4
P249042,4
P249058,4
P249074,4
P214066,4
P214089,4
P229461,4
P229470,4
P229482,4
P229488,4
P229493,4
P229495,4
P207322,4
P228460,4
P228483,4
P229385,4
P228602,4
P228492,4
P228514,4
P229415,4
P228536,4
P228545,4
P228561,4
P228434,4
P207375,4
P229458,4
P214135,4
P214141,4
P214048,4
P200389,4
P200391,4
P249372,4
P213322,4
P213920,4
P213299,4
P200346,4
P249206,4
P249266,4
P249278,4
P214060,4
P213993,4
P213310,4
P200299,4
P229336,4
P229379,4
P207381,4
P207400,4
P200260,4
P249424,4
P213338,4
P213982,4
P213832,4
P228651,4
P228672,4
P228678,4
P207407,4
P207670,4
P207688,4
P200301,4
P249304,4
P249326,4
P249347,4
P249357,4
P228820,4
P207487,4
P229168,4
P249510,4
P200218,4
P249517,4
P200203,4
P200208,4
P213381,4
P249554,4
P207648,4
P207661,4
P228692,4
P228722,4
P228628,4
P228645,4
P249567,4
P249588,4
P249594,4
P249623,4
P213427,4
P213807,4
P213823,4
P213789,4
P207508,4
P229099,4
P229107,4
P229108,4
P229121,4
P207631,4
P228786,4
P228788,4
P207575,4
P213549,4
P213562,4
P213573,4
P213518,4
P249893,4
P249925,4
P228823,4
P228985,4
P213690,4
P213696,4
P213434,4
P249704,4
P249742,4
P213725,4
P228855,4
P221487,4
P210467,4
P203977,4
P239208,4
P213599,4
P213610,4
P249772,4
P249790,4
P249864,4
P228963,4
P200046,4
P200010,4
P228880,4
P228882,4
P228907,4
P207571,4
P200063,3
P213483,3
P213653,3
P213656,3
P213672,3
P213440,3
P213449,3
P213460,3
P249689,3
P200145,3
P249696,3
P249717,3
P249720,3
P249725,3
P249733,3
P249741,3
P229044,3
P229056,3
P229066,3
P207591,3
P228860,3
P228870,3
P228878,3
P228911,3
P207578,3
P228917,3
P228932,3
P228936,3
P228946,3
P228959,3
P207532,3
P200014,3
P229095,3
P229097,3
P229113,3
P229136,3
P229145,3
P228800,3
P228831,3
P228833,3
P228835,3
P228836,3
P228838,3
P228844,3
P207589,3
P207539,3
P228979,3
P229018,3
P207494,3
P207498,3
P229193,3
P229223,3
P229225,3
P229230,3
P229235,3
P228695,3
P228700,3
P228708,3
P228733,3
P228765,3
P207506,3
P207512,3
P207530,3
P229080,3
P207403,3
P228606,3
P228612,3
P228620,3
P228629,3
P228653,3
P207444,3
P207452,3
P229253,3
P229264,3
P229269,3
P229278,3
P229280,3
P229295,3
P207404,3
P207488,3
P229420,3
P229428,3
P229448,3
P207353,3
P207364,3
P228522,3
P207700,3
P207714,3
P207715,3
P207721,3
P228539,3
P228557,3
P207426,3
P229362,3
P207396,3
P207398,3
P229473,3
P229481,3
P207317,3
P228436,3
P228443,3
P228444,3
P228445,3
P228448,3
P228481,3
P228497,3
P228504,3
P228516,3
P228520,3
P229396,3
P229402,3
P229408,3
P229580,3
P229581,3
P229590,3
P229616,3
P229617,3
P207792,3
P207798,3
P228385,3
P228387,3
P228402,3
P228429,3
P207739,3
P207745,3
P207763,3
P207374,3
P229456,3
P229668,3
P229720,3
P207236,3
P207240,3
P207817,3
P207839,3
P228352,3
P228357,3
P228371,3
P207775,3
P207791,3
P207341,3
P229526,3
P229541,3
P229543,3
P229557,3
P229787,3
P229788,3
P229789,3
P229803,3
P229810,3
P229817,3
P207231,3
P207856,3
P228223,3
P228224,3
P228250,3
P228268,3
P228278,3
P228294,3
P207293,3
P229661,3
P229850,3
P229858,3
P229859,3
P229867,3
P229870,3
P228133,3
P207880,3
P228143,3
P228185,3
P228188,3
P228192,3
P228197,3
P207242,3
P207250,3
P229752,3
P229780,3
P229989,3
P230003,3
P230056,3
P207123,3
P207928,3
P207936,3
P228038,3
P228040,3
P228063,3
P228085,3
P228094,3
P228102,3
P228128,3
P229893,3
P229907,3
P229927,3
P230235,3
P230245,3
P230248,3
P207954,3
P207965,3
P227981,3
P227987,3
P227994,3
P228008,3
P230084,3
P230089,3
P230091,3
P230117,3
P230134,3
P230171,3
P229984,3
P230524,3
P206992,3
P227945,3
P227948,3
P207948,3
P207054,3
P230413,3
P230425,3
P207084,3
P207085,3
P230327,3
P230332,3
P230337,3
P230341,3
P207114,3
P230225,3
P230611,3
P227861,3
P227863,3
P227869,3
P227874,3
P227875,3
P227880,3
P227903,3
P207973,3
P207983,3
P230460,3
P207011,3
P207018,3
P207025,3
P230495,3
P230518,3
P206947,3
P230657,3
P230664,3
P230697,3
P230699,3
P230735,3
P208061,3
P227811,3
P227838,3
P208004,3
P208013,3
P230549,3
P230560,3
P230569,3
P230585,3
P230593,3
P230898,3
P230900,3
P208072,3
P208079,3
P227770,3
P227773,3
P227774,3
P208052,3
P208054,3
P208057,3
P206909,3
P206917,3
P206932,3
P230741,3
P230779,3
P230793,3
P208104,3
P208132,3
P227623,3
P227639,3
P227653,3
P227683,3
P227722,3
P227731,3
P230805,3
P230808,3
P206870,3
P230846,3
P230860,3
P230866,3
P230870,3
P230894,3
P206863,3
P206867,3
P230920,3
P230927,3
P230931,3
P230944,3
P230949,3
P230956,3
P230971,3
P230980,3
P208163,3
P227528,3
P227559,3
P227562,3
P227567,3
P227571,3
P206817,3
P231031,3
P231040,3
P231041,3
P231052,3
P231084,3
P208199,3
P227447,3
P227467,3
P227472,3
P227493,3
P227503,3
P227515,3
P208137,3
P208143,3
P208146,3
P231258,3
P231288,3
P227385,3
P227398,3
P227414,3
P227441,3
P208179,3
P208184,3
P208187,3
P206777,3
P206794,3
P231109,3
P231143,3
P231171,3
P231000,3
P231001,3
P206722,3
P231300,3
P231314,3
P231318,3
P231335,3
P231340,3
P231359,3
P208261,3
P227324,3
P227328,3
P227358,3
P208211,3
P208221,3
P231238,3
P231241,3
P231247,3
P231567,3
P231572,3
P231583,3
P206608,3
P208298,3
P227254,3
P227280,3
P227287,3
P208249,3
P231363,3
P231374,3
P231430,3
P231435,3
P231480,3
P231500,3
P206712,3
P231712,3
P231742,3
P206546,3
P227095,3
P208314,3
P227132,3
P227150,3
P227168,3
P208273,3
P206632,3
P231607,3
P231649,3
P231682,3
P231708,3
P231521,3
P231558,3
P231828,3
P231829,3
P231832,3
P231843,3
P231858,3
P231863,3
P206517,3
P208333,3
P208351,3
P208354,3
P208359,3
P226999,3
P227050,3
P227068,3
P227073,3
P227077,3
P231896,3
P231928,3
P231937,3
P231970,3
P226937,3
P208369,3
P208389,3
P226938,3
P226946,3
P226947,3
P226950,3
P226961,3
P226974,3
P226975,3
P206564,3
P206577,3
P232014,3
P232021,3
P206449,3
P206458,3
P206460,3
P206462,3
P208418,3
P226842,3
P226844,3
P226863,3
P226872,3
P226885,3
P226888,3
P226907,3
P226928,3
P231881,3
P232036,3
P232037,3
P232065,3
P232113,3
P232146,3
P232194,3
P226768,3
P208431,3
P208457,3
P226775,3
P226809,3
P226831,3
P208408,3
P206480,3
P206500,3
P232007,3
P232209,3
P232223,3
P232224,3
P232232,3
P232259,3
P232270,3
P232279,3
P226679,3
P226686,3
P226691,3
P226728,3
P226738,3
P226748,3
P226752,3
P206470,3
P206472,3
P206408,3
P232298,3
P232309,3
P232331,3
P232337,3
P232353,3
P232379,3
P206352,3
P208511,3
P226649,3
P226654,3
P226671,3
P226678,3
P208463,3
P208476,3
P208481,3
P206356,3
P206362,3
P232396,3
P232420,3
P232425,3
P232544,3
P232558,3
P208542,3
P208545,3
P226592,3
P226615,3
P226627,3
P226628,3
P226634,3
P208507,3
P206385,3
P232758,3
P226511,3
P208554,3
P208555,3
P226519,3
P226542,3
P226561,3
P232563,3
P206332,3
P206335,3
P232577,3
P232583,3
P232602,3
P232605,3
P232626,3
P232654,3
P232771,3
P232801,3
P232811,3
P208602,3
P208612,3
P226451,3
P226492,3
P226497,3
P226506,3
P206282,3
P232669,3
P232671,3
P232678,3
P232684,3
P232692,3
P232749,3
P232872,3
P232891,3
P232895,3
P226301,3
P208634,3
P226314,3
P226328,3
P226333,3
P226341,3
P226359,3
P226395,3
P226402,3
P226414,3
P208583,3
P232759,3
P206260,3
P206216,3
P232975,3
P226225,3
P226228,3
P226232,3
P226247,3
P226261,3
P226266,3
P226273,3
P226278,3
P226286,3
P226291,3
P226293,3
P206226,3
P232831,3
P232849,3
P233144,3
P206101,3
P206104,3
P206115,3
P208696,3
P226123,3
P226154,3
P226162,3
P208666,3
P208670,3
P206162,3
P233025,3
P233040,3
P233058,3
P233085,3
P206198,3
P233182,3
P233200,3
P233208,3
P233218,3
P206069,3
P208735,3
P226071,3
P226075,3
P226078,3
P226085,3
P226098,3
P226099,3
P206140,3
P233117,3
P233127,3
P233138,3
P233362,3
P233390,3
P208785,3
P226007,3
P226011,3
P226015,3
P226047,3
P226062,3
P233243,3
P233259,3
P233268,3
P233288,3
P233289,3
P206121,3
P233172,3
P233180,3
P233428,3
P233431,3
P233447,3
P233453,3
P205967,3
P205968,3
P225944,3
P225947,3
P225964,3
P225973,3
P225992,3
P225993,3
P206051,3
P233305,3
P233307,3
P233324,3
P233512,3
P233518,3
P233521,3
P233530,3
P233550,3
P205949,3
P208838,3
P208840,3
P225890,3
P225917,3
P225919,3
P208793,3
P208800,3
P206007,3
P206025,3
P206027,3
P233581,3
P233639,3
P233653,3
P225805,3
P208860,3
P208877,3
P225814,3
P225818,3
P225826,3
P225828,3
P225871,3
P205974,3
P205976,3
P205988,3
P233488,3
P233492,3
P205925,3
P233705,3
P233713,3
P233782,3
P233784,3
P208895,3
P208896,3
P208897,3
P225746,3
P225772,3
P225775,3
P225777,3
P225785,3
P225790,3
P225795,3
P205959,3
P233787,3
P233792,3
P205870,3
P233803,3
P233849,3
P233881,3
P233884,3
P208921,3
P225618,3
P225619,3
P225632,3
P225645,3
P208894,3
P205913,3
P205919,3
P205921,3
P233971,3
P233992,3
P234012,3
P234016,3
P234029,3
P208965,3
P208980,3
P225545,3
P225550,3
P225551,3
P225557,3
P225561,3
P225567,3
P225572,3
P225577,3
P225589,3
P205807,3
P234073,3
P234075,3
P234092,3
P234096,3
P234134,3
P225479,3
P225481,3
P225519,3
P225525,3
P225533,3
P208955,3
P208963,3
P205830,3
P205840,3
P205857,3
P234155,3
P234156,3
P234157,3
P234163,3
P234210,3
P234215,3
P205734,3
P209029,3
P209033,3
P209036,3
P225391,3
P225394,3
P225448,3
P208986,3
P208992,3
P208995,3
P234218,3
P234235,3
P234261,3
P234262,3
P234268,3
P205713,3
P205725,3
P209046,3
P225317,3
P225330,3
P225378,3
P225380,3
P225384,3
P209021,3
P205773,3
P205798,3
P225151,3
P225166,3
P225191,3
P209080,3
P225196,3
P225204,3
P225205,3
P225223,3
P225239,3
P225251,3
P225264,3
P225275,3
P225278,3
P205751,3
P205752,3
P205758,3
P234303,3
P234313,3
P234314,3
P234315,3
P234318,3
P234337,3
P234354,3
P205680,3
P205695,3
P209137,3
P225099,3
P225104,3
P225115,3
P225130,3
P225131,3
P225150,3
P234373,3
P234392,3
P205649,3
P205652,3
P205654,3
P205664,3
P209138,3
P209157,3
P225060,3
P225063,3
P225071,3
P225083,3
P225084,3
P209108,3
P209127,3
P205729,3
P234546,3
P234562,3
P234572,3
P234575,3
P224900,3
P224920,3
P224944,3
P224955,3
P224993,3
P234440,3
P234484,3
P234486,3
P234487,3
P234489,3
P234366,3
P234372,3
P234629,3
P234649,3
P205566,3
P205584,3
P209219,3
P224837,3
P224838,3
P224866,3
P224894,3
P209168,3
P205642,3
P234501,3
P234505,3
P234518,3
P234527,3
P234536,3
P205499,3
P205505,3
P209250,3
P224770,3
P224774,3
P224809,3
P224831,3
P205588,3
P234684,3
P234692,3
P205520,3
P205524,3
P205606,3
P205615,3
P234585,3
P234608,3
P234826,3
P234852,3
P234883,3
P234887,3
P205457,3
P224667,3
P224686,3
P224694,3
P224696,3
P224700,3
P224751,3
P205538,3
P205556,3
P234754,3
P234762,3
P234798,3
P205484,3
P234902,3
P234939,3
P234953,3
P234968,3
P234980,3
P205427,3
P224556,3
P224558,3
P224560,3
P224564,3
P224583,3
P224608,3
P224614,3
P209285,3
P234820,3
P235102,3
P235116,3
P235159,3
P235166,3
P235169,3
P209353,3
P209358,3
P224513,3
P224551,3
P205455,3
P235014,3
P235030,3
P235031,3
P235061,3
P235065,3
P235078,3
P235212,3
P235214,3
P235228,3
P235230,3
P205339,3
P209382,3
P224406,3
P224415,3
P224466,3
P224479,3
P224486,3
P224491,3
P209345,3
P205413,3
P205416,3
P235088,3
P205309,3
P205318,3
P205334,3
P224305,3
P224312,3
P224319,3
P224347,3
P224353,3
P224367,3
P224384,3
P209363,3
P205364,3
P205378,3
P205383,3
P235179,3
P235187,3
P235313,3
P235318,3
P205275,3
P205283,3
P224256,3
P224264,3
P224265,3
P224269,3
P224273,3
P224287,3
P209390,3
P209395,3
P235249,3
P235260,3
P235265,3
P235294,3
P205233,3
P224156,3
P224158,3
P209491,3
P224175,3
P224177,3
P224188,3
P224204,3
P205296,3
P235351,3
P235364,3
P235380,3
P235396,3
P235415,3
P235464,3
P235304,3
P235564,3
P235565,3
P235571,3
P235583,3
P235584,3
P224102,3
P224116,3
P224126,3
P224140,3
P224153,3
P205247,3
P205259,3
P235493,3
P205203,3
P205209,3
P205221,3
P235607,3
P235656,3
P235677,3
P223936,3
P209533,3
P209535,3
P209539,3
P223968,3
P224002,3
P224007,3
P224051,3
P235501,3
P235513,3
P235517,3
P235521,3
P235536,3
P223831,3
P223876,3
P223884,3
P223885,3
P223892,3
P223898,3
P223926,3
P223927,3
P235720,3
P205155,3
P205166,3
P235742,3
P205116,3
P205121,3
P205198,3
P235603,3
P235784,3
P235787,3
P235801,3
P235812,3
P235815,3
P235823,3
P235837,3
P235847,3
P235855,3
P209607,3
P209617,3
P223804,3
P223807,3
P223814,3
P223823,3
P223828,3
P235974,3
P205022,3
P209650,3
P209655,3
P223674,3
P223700,3
P223718,3
P223738,3
P223746,3
P223770,3
P205092,3
P205096,3
P205099,3
P205107,3
P235883,3
P205057,3
P204986,3
P236160,3
P223580,3
P223593,3
P223595,3
P223634,3
P223643,3
P209635,3
P209640,3
P236006,3
P236077,3
P236087,3
P235902,3
P235912,3
P235934,3
P235945,3
P236202,3
P236232,3
P223538,3
P223548,3
P223553,3
P223557,3
P223560,3
P223564,3
P223570,3
P209676,3
P205016,3
P236098,3
P236105,3
P236111,3
P204971,3
P204983,3
P236265,3
P236277,3
P236336,3
P236354,3
P204910,3
P223434,3
P223456,3
P223467,3
P223479,3
P223492,3
P209703,3
P236173,3
P236180,3
P236188,3
P236191,3
P236195,3
P223357,3
P209782,3
P209787,3
P209802,3
P223360,3
P223365,3
P223368,3
P223371,3
P223376,3
P223379,3
P223392,3
P223403,3
P223410,3
P209737,3
P204946,3
P204950,3
P204925,3
P204937,3
P236389,3
P236409,3
P236424,3
P236458,3
P236460,3
P236479,3
P223267,3
P223268,3
P209840,3
P223276,3
P223304,3
P223305,3
P223306,3
P223354,3
P236666,3
P204802,3
P204821,3
P209866,3
P223124,3
P223129,3
P223183,3
P223184,3
P223188,3
P223212,3
P223249,3
P204902,3
P236481,3
P236497,3
P236555,3
P204923,3
P236819,3
P236853,3
P236866,3
P204759,3
P209896,3
P223071,3
P223104,3
P209848,3
P209849,3
P204832,3
P204834,3
P236795,3
P204767,3
P204852,3
P236610,3
P236636,3
P236956,3
P236962,3
P236963,3
P209941,3
P209944,3
P223002,3
P223019,3
P223026,3
P223027,3
P223051,3
P209880,3
P209890,3
P204774,3
P204778,3
P236798,3
P236809,3
P237010,3
P237018,3
P237030,3
P237034,3
P209968,3
P209970,3
P209971,3
P222963,3
P222969,3
P222976,3
P222980,3
P209923,3
P204761,3
P236888,3
P236911,3
P236934,3
P204641,3
P204650,3
P222857,3
P222885,3
P222900,3
P222901,3
P222942,3
P222943,3
P209953,3
P237052,3
P237069,3
P237083,3
P237106,3
P204674,3
P204697,3
P204739,3
P237212,3
P237226,3
P237252,3
P237265,3
P222789,3
P222792,3
P222805,3
P222822,3
P222844,3
P237112,3
P237118,3
P237135,3
P237136,3
P237138,3
P237146,3
P237150,3
P237301,3
P237333,3
P237351,3
P237361,3
P210069,3
P222715,3
P222716,3
P222722,3
P222723,3
P222759,3
P210017,3
P210033,3
P204661,3
P237187,3
P237199,3
P237206,3
P237386,3
P237394,3
P237397,3
P237430,3
P204541,3
P222624,3
P222625,3
P222642,3
P222659,3
P222672,3
P222704,3
P222707,3
P210047,3
P210061,3
P204610,3
P204630,3
P237616,3
P204501,3
P210110,3
P210111,3
P222567,3
P222575,3
P222584,3
P210094,3
P222622,3
P204556,3
P237474,3
P237491,3
P237522,3
P237554,3
P204595,3
P237379,3
P237696,3
P237702,3
P237739,3
P237742,3
P237745,3
P222469,3
P222477,3
P222479,3
P222482,3
P222489,3
P222502,3
P222523,3
P204521,3
P237575,3
P237584,3
P237603,3
P237861,3
P210184,3
P210185,3
P222375,3
P222407,3
P222418,3
P237759,3
P237776,3
P237804,3
P237844,3
P237845,3
P237849,3
P204507,3
P237671,3
P237676,3
P237681,3
P237926,3
P237929,3
P237931,3
P237935,3
P237947,3
P222249,3
P210197,3
P210225,3
P222289,3
P222310,3
P222319,3
P222336,3
P222341,3
P222343,3
P210168,3
P204439,3
P222105,3
P222121,3
P210231,3
P222165,3
P222168,3
P222218,3
P222234,3
P222235,3
P222245,3
P204370,3
P237985,3
P237994,3
P204339,3
P204342,3
P204409,3
P204412,3
P238013,3
P238020,3
P238024,3
P238032,3
P238049,3
P238052,3
P238072,3
P238085,3
P238097,3
P204323,3
P238115,3
P222045,3
P222061,3
P222066,3
P222074,3
P222081,3
P238195,3
P238231,3
P210311,3
P222013,3
P222016,3
P222018,3
P222025,3
P210257,3
P210261,3
P238116,3
P238119,3
P238122,3
P238147,3
P238152,3
P238177,3
P238011,3
P238262,3
P238284,3
P238329,3
P238349,3
P210341,3
P210346,3
P221949,3
P221961,3
P221971,3
P221984,3
P221985,3
P221990,3
P204274,3
P204275,3
P204286,3
P204288,3
P238503,3
P238513,3
P238514,3
P238560,3
P238565,3
P221878,3
P221892,3
P221916,3
P210322,3
P238394,3
P204226,3
P238402,3
P238426,3
P238429,3
P238456,3
P204180,3
P204167,3
P238597,3
P238616,3
P238640,3
P238682,3
P238690,3
P221781,3
P221788,3
P221796,3
P221797,3
P221803,3
P221817,3
P221823,3
P221864,3
P238468,3
P238488,3
P238822,3
P238829,3
P238834,3
P238852,3
P210429,3
P221720,3
P221763,3
P204123,3
P204126,3
P204136,3
P204140,3
P238718,3
P238724,3
P204083,3
P204085,3
P204156,3
P238885,3
P238887,3
P238892,3
P238916,3
P238921,3
P210456,3
P210458,3
P221621,3
P221636,3
P221639,3
P221695,3
P221707,3
P238750,3
P238753,3
P238783,3
P238806,3
P238989,3
P238992,3
P239027,3
P239028,3
P239062,3
P210479,3
P210480,3
P221524,3
P221526,3
P221554,3
P221555,3
P221601,3
P221605,3
P221606,3
P238859,3
P204073,3
P203983,3
P239076,3
P239091,3
P239093,3
P239109,3
P239144,3
P239157,3
P210515,3
P221455,3
P221459,3
P221462,3
P221480,3
P221515,3
P210472,3
P210475,3
P238948,3
P203972,3
P239166,3
P239170,3
P239194,3
P239218,3
P239225,3
P203949,3
P221345,3
P221348,3
P221388,3
P221399,3
P221426,3
P221427,3
P221433,3
P210505,3
P239064,3
P239380,3
P239396,3
P210567,3
P210569,3
P221305,3
P221324,3
P221326,3
P239230,3
P239240,3
P239255,3
P239262,3
P239278,3
P239284,3
P239300,3
P239306,3
P239308,3
P203884,3
P239442,3
P239447,3
P203856,3
P203868,3
P210616,3
P221202,3
P221215,3
P221227,3
P221261,3
P221278,3
P239325,3
P239332,3
P239338,3
P239374,3
P239379,3
P239612,3
P221103,3
P221116,3
P221143,3
P221162,3
P221172,3
P239474,3
P239482,3
P239491,3
P239497,3
P239498,3
P239519,3
P203812,3
P203819,3
P203827,3
P203880,3
P239696,3
P239709,3
P239726,3
P220955,3
P220957,3
P220995,3
P220996,3
P221026,3
P221031,3
P221048,3
P221065,3
P239543,3
P239553,3
P239565,3
P239591,3
P239602,3
P203763,3
P239735,3
P239747,3
P239751,3
P239760,3
P239767,3
P239778,3
P210721,3
P220893,3
P220907,3
P220945,3
P210661,3
P210679,3
P239647,3
P239661,3
P239665,3
P239903,3
P239907,3
P239927,3
P239933,3
P239959,3
P203662,3
P210744,3
P220829,3
P220835,3
P220837,3
P220856,3
P220866,3
P203709,3
P239806,3
P239815,3
P239854,3
P240014,3
P240021,3
P240023,3
P240053,3
P203630,3
P203655,3
P210769,3
P210787,3
P220744,3
P220773,3
P220780,3
P220781,3
P220792,3
P239867,3
P239872,3
P239884,3
P240159,3
P240164,3
P240189,3
P203592,3
P210824,3
P220639,3
P220647,3
P220679,3
P220712,3
P220717,3
P203665,3
P203666,3
P239967,3
P239974,3
P239984,3
P240003,3
P240221,3
P240248,3
P240263,3
P240276,3
P210863,3
P220534,3
P220581,3
P220587,3
P220634,3
P210811,3
P240068,3
P240070,3
P240073,3
P240100,3
P240106,3
P240149,3
P240321,3
P240327,3
P203534,3
P220442,3
P220457,3
P220483,3
P220487,3
P220502,3
P220509,3
P220520,3
P210846,3
P203595,3
P203616,3
P240200,3
P240211,3
P240218,3
P240372,3
P240396,3
P240404,3
P240431,3
P240479,3
P220375,3
P220402,3
P220421,3
P220422,3
P210872,3
P210884,3
P203569,3
P203573,3
P240297,3
P240314,3
P240316,3
P240523,3
P240526,3
P240527,3
P240536,3
P240542,3
P220205,3
P220207,3
P220211,3
P220229,3
P220243,3
P220244,3
P220301,3
P220302,3
P220348,3
P203557,3
P240338,3
P240562,3
P240582,3
P240584,3
P210988,3
P220120,3
P220141,3
P220165,3
P220195,3
P210931,3
P210937,3
P210938,3
P203505,3
P240496,3
P240517,3
P240519,3
P240520,3
P240652,3
P240653,3
P240657,3
P240673,3
P203442,3
P220031,3
P220037,3
P220045,3
P220062,3
P220069,3
P220073,3
P220084,3
P220087,3
P220098,3
P210987,3
P240545,3
P240762,3
P240770,3
P219998,3
P220002,3
P220005,3
P220029,3
P211009,3
P240676,3
P240677,3
P240691,3
P240694,3
P240702,3
P240713,3
P240719,3
P203469,3
P240645,3
P203379,3
P240797,3
P240814,3
P240816,3
P240835,3
P203357,3
P211070,3
P211084,3
P219887,3
P219954,3
P211051,3
P240721,3
P203389,3
P240747,3
P240753,3
P240761,3
P240887,3
P240889,3
P240900,3
P240902,3
P240906,3
P240916,3
P240920,3
P211101,3
P211105,3
P219829,3
P219839,3
P219841,3
P219866,3
P219880,3
P203369,3
P203372,3
P240948,3
P240963,3
P240966,3
P240982,3
P240985,3
P241001,3
P241012,3
P219755,3
P219756,3
P219781,3
P219785,3
P219794,3
P219806,3
P219810,3
P219812,3
P240874,3
P241030,3
P241040,3
P241060,3
P241069,3
P241070,3
P241074,3
P241078,3
P241104,3
P219699,3
P219700,3
P211159,3
P219715,3
P219725,3
P219729,3
P219733,3
P203331,3
P241273,3
P241302,3
P241359,3
P211204,3
P211206,3
P211213,3
P219640,3
P219689,3
P219691,3
P203264,3
P203266,3
P241120,3
P241189,3
P241199,3
P203198,3
P203201,3
P241387,3
P241391,3
P241406,3
P241430,3
P203138,3
P219562,3
P219565,3
P219594,3
P219605,3
P203228,3
P203230,3
P241207,3
P241214,3
P241224,3
P241250,3
P241253,3
P241565,3
P241591,3
P219480,3
P219481,3
P219517,3
P211220,3
P241447,3
P241449,3
P241450,3
P241452,3
P241470,3
P241478,3
P241499,3
P203110,3
P203111,3
P241382,3
P241631,3
P241646,3
P241658,3
P241666,3
P241672,3
P241700,3
P211290,3
P211291,3
P211294,3
P219367,3
P219416,3
P219417,3
P219420,3
P203133,3
P241510,3
P241563,3
P241712,3
P241731,3
P203049,3
P241787,3
P241810,3
P202991,3
P211300,3
P219309,3
P219329,3
P219330,3
P219332,3
P219347,3
P211276,3
P203065,3
P203088,3
P241614,3
P203033,3
P241834,3
P241843,3
P241866,3
P241875,3
P241897,3
P211333,3
P219225,3
P219227,3
P219248,3
P219257,3
P219265,3
P219268,3
P219271,3
P219275,3
P219292,3
P202902,3
P202917,3
P211366,3
P219144,3
P219146,3
P219152,3
P219158,3
P219167,3
P219174,3
P219188,3
P241949,3
P241972,3
P241988,3
P241999,3
P242012,3
P203018,3
P242230,3
P211422,3
P219032,3
P219039,3
P219046,3
P219049,3
P219061,3
P219086,3
P219119,3
P242023,3
P242040,3
P242042,3
P202936,3
P242080,3
P242083,3
P242089,3
P242257,3
P202843,3
P211430,3
P211433,3
P211441,3
P211445,3
P218981,3
P219009,3
P219012,3
P219015,3
P211390,3
P211391,3
P211410,3
P242154,3
P242217,3
P242229,3
P242467,3
P218900,3
P211463,3
P218919,3
P218921,3
P218951,3
P218953,3
P242335,3
P242379,3
P242383,3
P242384,3
P242231,3
P242239,3
P202876,3
P242251,3
P242254,3
P242635,3
P218798,3
P218807,3
P218833,3
P218854,3
P242498,3
P242501,3
P242525,3
P242543,3
P242549,3
P242563,3
P242564,3
P202839,3
P242436,3
P242444,3
P242446,3
P218724,3
P218725,3
P218730,3
P218735,3
P211520,3
P211522,3
P211532,3
P211553,3
P218736,3
P218741,3
P218767,3
P218774,3
P211498,3
P202760,3
P242583,3
P242629,3
P242678,3
P242694,3
P202716,3
P242733,3
P242768,3
P242771,3
P242779,3
P242780,3
P242786,3
P242807,3
P211561,3
P211563,3
P218711,3
P218717,3
P218720,3
P218723,3
P202696,3
P202701,3
P242838,3
P242846,3
P242848,3
P242855,3
P242858,3
P242861,3
P242882,3
P211586,3
P211609,3
P218656,3
P218668,3
P218700,3
P218701,3
P211557,3
P202665,3
P242894,3
P242911,3
P242942,3
P242970,3
P202628,3
P211614,3
P211618,3
P211627,3
P218606,3
P218612,3
P218615,3
P218617,3
P242810,3
P242814,3
P242816,3
P243123,3
P243130,3
P243134,3
P243162,3
P243176,3
P243193,3
P211662,3
P218484,3
P218531,3
P218559,3
P243003,3
P243005,3
P243037,3
P243052,3
P243073,3
P243087,3
P243346,3
P243348,3
P218377,3
P218392,3
P211694,3
P218445,3
P211641,3
P202573,3
P202577,3
P243212,3
P243266,3
P243269,3
P243278,3
P202604,3
P202619,3
P243105,3
P243418,3
P243422,3
P243453,3
P211717,3
P218306,3
P218317,3
P218318,3
P218325,3
P218341,3
P202553,3
P243314,3
P243316,3
P243322,3
P243331,3
P243335,3
P243337,3
P243648,3
P243653,3
P243688,3
P218204,3
P218228,3
P218229,3
P218262,3
P218286,3
P211696,3
P202487,3
P243484,3
P243496,3
P243543,3
P243370,3
P202505,3
P202525,3
P202445,3
P243711,3
P243720,3
P243748,3
P211770,3
P218164,3
P218172,3
P218190,3
P218195,3
P218201,3
P202460,3
P202461,3
P243622,3
P243628,3
P243635,3
P243639,3
P218064,3
P211802,3
P211809,3
P218074,3
P218082,3
P218113,3
P218119,3
P218122,3
P202412,3
P243788,3
P243808,3
P243840,3
P243848,3
P243896,3
P202422,3
P202427,3
P243974,3
P244001,3
P202318,3
P202319,3
P202325,3
P202332,3
P202334,3
P211841,3
P211842,3
P217993,3
P218003,3
P218009,3
P218018,3
P218030,3
P218036,3
P218059,3
P244051,3
P244055,3
P244056,3
P211864,3
P211879,3
P211882,3
P217921,3
P217945,3
P217975,3
P217979,3
P217980,3
P217985,3
P243925,3
P202363,3
P243948,3
P243962,3
P217806,3
P217813,3
P217821,3
P217822,3
P211908,3
P217830,3
P217839,3
P217855,3
P217871,3
P217875,3
P217879,3
P202343,3
P244023,3
P244029,3
P244039,3
P244047,3
P244066,3
P202272,3
P244073,3
P244082,3
P244095,3
P244119,3
P244124,3
P244134,3
P211920,3
P211928,3
P211936,3
P217787,3
P217793,3
P217794,3
P217799,3
P217800,3
P244263,3
P244275,3
P211966,3
P211969,3
P217680,3
P217702,3
P217736,3
P217751,3
P217754,3
P217762,3
P202258,3
P244142,3
P244143,3
P244154,3
P244177,3
P244212,3
P244356,3
P244377,3
P244388,3
P202137,3
P217574,3
P217590,3
P217592,3
P217593,3
P217597,3
P217622,3
P217633,3
P217639,3
P217663,3
P217665,3
P217668,3
P244257,3
P202153,3
P202155,3
P244404,3
P244446,3
P202129,3
P217490,3
P217506,3
P217517,3
P217527,3
P217561,3
P211994,3
P202179,3
P202192,3
P244312,3
P244329,3
P244335,3
P244487,3
P244508,3
P244511,3
P244515,3
P244527,3
P244544,3
P217314,3
P212031,3
P212032,3
P217349,3
P217358,3
P217379,3
P217409,3
P217416,3
P217423,3
P217442,3
P244692,3
P212096,3
P217275,3
P217279,3
P217285,3
P217305,3
P217306,3
P202094,3
P244566,3
P244592,3
P244601,3
P244610,3
P244617,3
P202134,3
P244467,3
P244480,3
P244739,3
P244787,3
P244790,3
P217171,3
P217173,3
P217196,3
P217205,3
P217217,3
P217220,3
P212063,3
P212069,3
P212085,3
P202053,3
P244667,3
P244678,3
P244691,3
P202002,3
P244830,3
P244857,3
P244867,3
P201958,3
P217107,3
P212138,3
P212146,3
P217131,3
P217151,3
P212099,3
P212113,3
P217166,3
P244714,3
P202006,3
P244724,3
P244899,3
P244905,3
P244906,3
P244919,3
P244936,3
P244959,3
P212183,3
P212185,3
P217013,3
P217018,3
P217034,3
P217035,3
P217061,3
P217073,3
P217087,3
P217102,3
P245004,3
P245017,3
P245018,3
P245047,3
P245048,3
P201890,3
P212209,3
P212210,3
P212213,3
P216956,3
P216963,3
P212164,3
P212167,3
P212168,3
P201971,3
P244883,3
P201891,3
P201896,3
P245078,3
P245094,3
P245098,3
P245129,3
P201854,3
P212221,3
P212237,3
P216907,3
P216919,3
P216920,3
P216926,3
P212199,3
P201939,3
P201946,3
P245213,3
P245219,3
P201833,3
P201835,3
P201843,3
P212270,3
P216831,3
P216847,3
P216849,3
P216855,3
P216858,3
P216863,3
P216872,3
P216877,3
P216879,3
P216881,3
P216756,3
P216773,3
P216793,3
P216813,3
P216818,3
P212264,3
P245231,3
P245248,3
P245252,3
P245260,3
P245279,3
P245281,3
P245285,3
P245303,3
P245202,3
P245203,3
P245311,3
P245323,3
P245337,3
P245347,3
P245375,3
P245379,3
P212317,3
P212324,3
P216693,3
P216696,3
P216707,3
P216712,3
P216721,3
P216724,3
P216734,3
P216742,3
P245577,3
P245580,3
P212366,3
P212378,3
P212383,3
P216606,3
P216616,3
P216640,3
P216642,3
P216655,3
P245384,3
P201775,3
P245426,3
P245440,3
P245461,3
P201789,3
P245638,3
P245653,3
P245663,3
P201665,3
P212398,3
P216566,3
P216572,3
P216578,3
P216582,3
P216590,3
P201740,3
P201745,3
P245528,3
P245563,3
P245565,3
P245572,3
P201688,3
P201693,3
P245670,3
P245707,3
P245734,3
P245741,3
P245750,3
P212453,3
P216492,3
P216494,3
P216518,3
P216551,3
P216559,3
P201716,3
P245602,3
P245609,3
P246006,3
P246014,3
P201579,3
P212468,3
P216416,3
P216439,3
P216466,3
P201642,3
P201650,3
P245777,3
P245793,3
P245799,3
P245876,3
P245896,3
P245937,3
P201687,3
P246113,3
P246129,3
P201542,3
P212512,3
P216272,3
P216294,3
P216303,3
P216312,3
P216322,3
P216376,3
P212463,3
P201613,3
P245941,3
P245942,3
P245953,3
P245977,3
P246185,3
P246213,3
P246215,3
P246221,3
P216175,3
P216190,3
P216202,3
P216205,3
P216250,3
P216262,3
P216268,3
P212493,3
P201593,3
P246069,3
P246098,3
P246102,3
P246342,3
P246348,3
P246393,3
P246408,3
P212568,3
P212583,3
P212534,3
P212552,3
P201508,3
P246270,3
P246301,3
P201547,3
P201552,3
P246147,3
P246157,3
P246184,3
P201425,3
P246471,3
P246475,3
P246477,3
P246515,3
P246523,3
P201417,3
P201420,3
P212602,3
P216017,3
P216025,3
P216032,3
P216041,3
P216069,3
P216088,3
P246332,3
P246707,3
P246729,3
P212631,3
P212647,3
P215905,3
P215907,3
P215917,3
P215920,3
P215946,3
P246534,3
P246546,3
P246550,3
P246564,3
P246587,3
P246607,3
P246630,3
P246952,3
P215783,3
P215833,3
P215853,3
P215856,3
P215868,3
P215874,3
P246754,3
P246759,3
P246762,3
P246775,3
P246784,3
P246794,3
P246653,3
P246697,3
P246698,3
P201265,3
P201268,3
P246978,3
P247004,3
P247018,3
P247025,3
P201233,3
P201251,3
P201259,3
P212699,3
P215695,3
P215712,3
P246831,3
P246904,3
P246917,3
P246923,3
P247125,3
P247141,3
P247171,3
P247182,3
P247187,3
P247196,3
P215620,3
P215631,3
P215643,3
P215653,3
P215660,3
P212693,3
P247043,3
P247061,3
P247083,3
P247102,3
P247356,3
P247358,3
P212758,3
P215573,3
P215581,3
P212719,3
P201178,3
P247204,3
P247213,3
P247227,3
P247229,3
P247232,3
P247283,3
P247287,3
P247303,3
P247313,3
P201124,3
P247396,3
P247411,3
P247428,3
P247430,3
P212778,3
P212785,3
P215454,3
P215459,3
P215473,3
P215481,3
P215523,3
P247335,3
P247350,3
P247351,3
P247354,3
P247461,3
P247466,3
P247487,3
P247497,3
P247507,3
P212817,3
P212818,3
P215402,3
P215405,3
P215406,3
P215426,3
P215448,3
P212768,3
P247383,3
P247385,3
P201100,3
P247550,3
P247554,3
P247561,3
P247591,3
P200990,3
P200997,3
P212845,3
P212846,3
P215337,3
P215362,3
P215375,3
P215383,3
P215386,3
P212813,3
P201067,3
P201074,3
P201011,3
P247602,3
P247659,3
P247672,3
P247682,3
P247683,3
P212860,3
P212871,3
P215264,3
P215265,3
P215314,3
P215319,3
P215326,3
P201026,3
P201047,3
P247544,3
P200900,3
P212919,3
P215168,3
P215178,3
P215185,3
P215188,3
P215193,3
P215201,3
P215209,3
P215211,3
P200964,3
P200977,3
P247686,3
P247697,3
P247698,3
P201006,3
P247865,3
P247872,3
P212949,3
P212951,3
P215066,3
P215068,3
P215092,3
P215096,3
P215120,3
P212886,3
P212901,3
P247740,3
P247753,3
P247770,3
P247787,3
P200897,3
P247940,3
P247948,3
P247954,3
P247963,3
P212962,3
P212965,3
P212972,3
P214923,3
P214947,3
P215009,3
P215028,3
P215037,3
P200912,3
P247812,3
P247855,3
P247857,3
P212988,3
P213014,3
P213025,3
P214836,3
P214843,3
P214859,3
P214874,3
P214905,3
P214911,3
P200835,3
P200837,3
P200840,3
P247984,3
P248011,3
P200878,3
P247907,3
P200818,3
P248077,3
P248088,3
P248105,3
P248109,3
P248114,3
P248123,3
P248133,3
P213046,3
P214772,3
P214789,3
P214802,3
P214803,3
P214828,3
P214833,3
P212985,3
P248243,3
P248275,3
P248276,3
P248282,3
P248291,3
P248295,3
P214684,3
P214728,3
P214730,3
P214743,3
P214750,3
P214754,3
P248148,3
P248175,3
P248187,3
P200746,3
P248437,3
P248444,3
P248455,3
P248460,3
P214616,3
P214627,3
P214628,3
P214638,3
P214659,3
P214674,3
P213062,3
P213064,3
P200707,3
P200658,3
P248215,3
P248222,3
P200571,3
P214574,3
P214587,3
P213081,3
P213097,3
P213104,3
P248503,3
P248509,3
P200605,3
P200606,3
P200608,3
P200677,3
P248373,3
P248381,3
P248415,3
P248429,3
P248613,3
P248662,3
P248669,3
P200540,3
P214454,3
P214470,3
P214501,3
P214512,3
P214525,3
P214530,3
P213119,3
P248544,3
P248564,3
P248567,3
P248586,3
P248590,3
P200552,3
P200554,3
P200555,3
P248699,3
P248723,3
P248734,3
P200503,3
P200506,3
P213182,3
P214406,3
P214432,3
P214450,3
P213147,3
P200575,3
P200584,3
P248599,3
P200421,3
P200424,3
P214351,3
P214360,3
P214366,3
P214372,3
P214374,3
P214400,3
P213171,3
P200509,3
P200521,3
P248752,3
P248757,3
P248760,3
P248775,3
P248817,3
P200440,3
P248924,3
P248963,3
P248971,3
P248993,3
P200387,3
P214262,3
P214263,3
P214265,3
P214307,3
P248819,3
P200493,3
P248828,3
P248887,3
P248890,3
P248906,3
P249200,3
P200318,3
P214176,3
P213251,3
P214185,3
P214189,3
P214205,3
P214206,3
P213218,3
P200412,3
P249019,3
P249047,3
P200361,3
P249081,3
P249083,3
P200437,3
P249271,3
P249273,3
P214062,3
P214073,3
P214096,3
P214111,3
P214133,3
P214147,3
P214157,3
P249092,3
P249127,3
P249137,3
P249151,3
P249157,3
P249158,3
P249170,3
P249325,3
P249349,3
P249361,3
P213324,3
P213328,3
P213269,3
P213271,3
P213277,3
P213288,3
P213302,3
P200337,3
P200340,3
P200348,3
P249210,3
P249224,3
P249240,3
P249437,3
P249457,3
P213339,3
P213353,3
P213357,3
P213967,3
P213984,3
P213986,3
P213999,3
P214008,3
P214016,3
P213304,3
P213319,3
P249282,3
P249307,3
P249316,3
P249543,3
P200200,3
P200201,3
P200202,3
P213374,3
P213376,3
P213857,3
P213893,3
P213928,3
P213941,3
P213950,3
P213957,3
P200279,3
P249402,3
P249414,3
P249416,3
P249553,3
P249559,3
P249573,3
P249587,3
P249616,3
P249618,3
P213408,3
P213425,3
P213830,3
P213846,3
P213850,3
P213366,3
P249508,3
P200235,3
P249511,3
P249541,3
P249756,3
P200107,3
P213720,3
P213730,3
P213735,3
P213739,3
P213743,3
P213746,3
P213767,3
P213779,3
P200166,3
P200183,3
P249662,3
P249664,3
P249670,3
P249674,3
P200002,3
P213541,3
P213553,3
P213555,3
P213559,3
P213576,3
P213606,3
P249775,3
P249777,3
P249782,3
P249789,3
P249803,3
P249828,3
P249862,3
P249874,3
P200062,3
P200016,3
P200019,3
P249996,3
P213520,3
P213528,3
P213531,3
P200067,3
P200076,3
P200081,3
P200082,3
P249882,3
P249884,3
P249887,3
P249891,3
P249909,3
P249932,3
P249981,2
P249985,2
P249944,2
P249962,2
P249877,2
P249885,2
P249894,2
P249895,2
P249897,2
P213536,2
P213537,2
P213539,2
P213554,2
P249926,2
P249898,2
P249899,2
P249911,2
P249913,2
P200059,2
P200069,2
P200078,2
P249813,2
P249821,2
P249823,2
P213580,2
P213583,2
P213589,2
P213591,2
P213592,2
P213514,2
P213522,2
P213530,2
P249835,2
P249838,2
P249839,2
P200116,2
P213607,2
P213613,2
P213617,2
P213626,2
P213556,2
P213558,2
P213578,2
P249752,2
P249754,2
P200091,2
P200092,2
P200100,2
P200157,2
P249697,2
P249698,2
P213485,2
P213594,2
P213596,2
P249729,2
P249681,2
P249690,2
P200125,2
P200129,2
P200132,2
P200133,2
P200138,2
P200139,2
P200141,2
P200143,2
P249652,2
P249619,2
P249620,2
P249625,2
P200160,2
P213657,2
P213679,2
P213681,2
P213632,2
P213473,2
P200173,2
P249592,2
P249595,2
P249601,2
P249610,2
P249612,2
P249548,2
P249556,2
P249565,2
P213454,2
P213640,2
P213642,2
P249522,2
P249530,2
P249534,2
P249503,2
P249504,2
P249505,2
P200227,2
P200228,2
P200232,2
P200233,2
P249475,2
P249480,2
P249483,2
P213733,2
P213683,2
P213687,2
P213693,2
P249496,2
P249432,2
P249436,2
P249456,2
P249383,2
P249389,2
P249390,2
P249408,2
P249421,2
P200247,2
P200252,2
P200259,2
P200263,2
P249327,2
P249338,2
P213762,2
P213763,2
P213766,2
P213457,2
P213465,2
P213708,2
P249343,2
P249348,2
P249364,2
P249285,2
P249290,2
P249302,2
P249308,2
P249310,2
P249314,2
P249280,2
P249283,2
P213409,2
P213421,2
P213742,2
P213747,2
P213761,2
P200298,2
P200303,2
P200305,2
P200310,2
P200311,2
P200312,2
P249239,2
P249245,2
P213819,2
P213827,2
P213834,2
P213792,2
P213795,2
P249277,2
P249202,2
P249221,2
P249223,2
P249181,2
P249185,2
P249190,2
P249195,2
P249199,2
P249201,2
P213384,2
P213386,2
P213390,2
P213430,2
P213798,2
P213801,2
P213805,2
P213815,2
P200317,2
P200329,2
P200331,2
P200332,2
P200334,2
P249145,2
P249155,2
P213866,2
P213869,2
P213870,2
P213885,2
P249156,2
P249162,2
P249178,2
P249114,2
P249122,2
P249130,2
P249136,2
P249139,2
P200367,2
P200371,2
P200372,2
P200375,2
P200376,2
P200377,2
P213913,2
P213916,2
P213930,2
P213401,2
P213855,2
P213860,2
P213862,2
P249094,2
P249108,2
P249061,2
P249073,2
P200349,2
P200357,2
P200411,2
P249021,2
P249028,2
P213341,2
P213344,2
P213348,2
P213354,2
P213901,2
P249030,2
P249040,2
P249054,2
P249001,2
P249008,2
P249014,2
P200392,2
P200403,2
P248981,2
P248987,2
P200455,2
P248919,2
P213978,2
P213989,2
P213937,2
P248936,2
P248950,2
P248910,2
P248916,2
P200425,2
P200434,2
P248855,2
P248860,2
P248882,2
P248894,2
P248898,2
P248900,2
P248901,2
P248829,2
P248833,2
P214007,2
P214012,2
P213305,2
P213307,2
P213332,2
P213365,2
P213963,2
P213971,2
P248843,2
P248847,2
P248822,2
P200459,2
P214036,2
P214040,2
P214045,2
P213272,2
P213280,2
P213994,2
P213997,2
P214003,2
P200465,2
P200479,2
P248774,2
P248777,2
P248783,2
P200529,2
P248744,2
P214064,2
P213333,2
P214030,2
P248753,2
P248755,2
P248726,2
P200502,2
P248689,2
P248691,2
P248697,2
P248698,2
P248703,2
P248673,2
P200547,2
P248640,2
P248647,2
P248603,2
P214100,2
P214101,2
P214105,2
P213285,2
P214058,2
P248617,2
P248582,2
P248585,2
P248588,2
P200579,2
P200580,2
P200583,2
P200603,2
P248548,2
P248559,2
P248569,2
P248513,2
P214138,2
P214150,2
P214155,2
P214156,2
P248531,2
P200599,2
P200656,2
P200657,2
P248489,2
P248512,2
P248469,2
P200633,2
P200650,2
P248413,2
P248416,2
P213244,2
P214118,2
P214129,2
P248432,2
P248440,2
P248445,2
P248446,2
P248450,2
P248384,2
P248385,2
P248393,2
P248408,2
P248409,2
P248345,2
P200660,2
P200678,2
P200698,2
P248312,2
P248314,2
P214201,2
P214213,2
P214219,2
P248337,2
P248284,2
P248294,2
P200709,2
P200710,2
P200718,2
P200721,2
P200733,2
P200735,2
P248239,2
P248241,2
P213219,2
P213222,2
P213233,2
P213234,2
P214182,2
P214190,2
P214197,2
P214198,2
P248259,2
P248260,2
P248208,2
P248210,2
P248233,2
P200741,2
P200743,2
P200750,2
P200796,2
P214271,2
P214282,2
P214234,2
P214239,2
P214245,2
P248162,2
P248180,2
P200768,2
P200778,2
P200791,2
P200792,2
P200824,2
P248087,2
P214324,2
P214327,2
P214332,2
P213235,2
P214257,2
P248095,2
P248100,2
P248104,2
P248058,2
P248070,2
P248071,2
P200815,2
P200816,2
P248029,2
P248033,2
P248034,2
P248036,2
P248048,2
P248049,2
P248055,2
P248056,2
P247989,2
P247999,2
P248001,2
P213197,2
P213198,2
P213211,2
P214287,2
P248008,2
P248016,2
P247964,2
P200841,2
P247922,2
P247929,2
P247930,2
P214371,2
P214373,2
P214375,2
P214335,2
P214344,2
P247952,2
P247958,2
P247888,2
P247893,2
P247898,2
P247914,2
P247917,2
P247877,2
P200860,2
P213169,2
P213170,2
P213176,2
P214362,2
P200867,2
P200876,2
P200877,2
P200879,2
P200887,2
P247821,2
P247829,2
P247851,2
P200910,2
P247797,2
P247817,2
P247771,2
P247782,2
P214416,2
P214418,2
P214419,2
P200901,2
P200903,2
P200941,2
P200944,2
P200946,2
P247733,2
P247743,2
P247764,2
P247710,2
P247711,2
P200919,2
P247674,2
P213139,2
P213144,2
P213181,2
P213184,2
P214412,2
P200958,2
P200969,2
P200983,2
P200984,2
P247640,2
P247642,2
P247650,2
P247652,2
P247664,2
P247668,2
P201015,2
P214456,2
P214469,2
P214428,2
P214429,2
P214431,2
P214433,2
P214434,2
P214436,2
P247606,2
P247624,2
P247633,2
P247634,2
P247574,2
P247578,2
P247588,2
P213157,2
P213163,2
P200991,2
P201002,2
P201004,2
P247540,2
P247545,2
P247556,2
P247565,2
P247566,2
P247567,2
P247520,2
P201023,2
P201028,2
P201029,2
P201044,2
P201049,2
P247488,2
P247500,2
P213107,2
P213113,2
P213118,2
P214480,2
P214495,2
P247508,2
P247515,2
P247458,2
P247459,2
P247476,2
P247480,2
P247425,2
P247443,2
P201062,2
P214559,2
P214560,2
P214563,2
P214567,2
P214538,2
P214539,2
P201066,2
P201075,2
P201093,2
P247391,2
P247400,2
P247418,2
P247419,2
P247422,2
P247378,2
P247379,2
P247381,2
P247388,2
P213095,2
P213137,2
P214547,2
P201110,2
P201113,2
P201117,2
P201125,2
P247343,2
P247355,2
P247376,2
P247312,2
P247323,2
P201132,2
P201142,2
P201153,2
P247251,2
P247275,2
P247276,2
P247277,2
P214612,2
P214630,2
P214635,2
P214641,2
P214646,2
P214585,2
P214593,2
P247278,2
P247284,2
P247293,2
P247305,2
P247206,2
P247207,2
P247209,2
P214665,2
P214667,2
P214669,2
P213096,2
P213102,2
P214602,2
P247210,2
P247220,2
P247225,2
P247248,2
P247195,2
P247197,2
P247200,2
P214686,2
P214688,2
P214698,2
P214658,2
P201172,2
P201176,2
P201177,2
P201186,2
P201191,2
P247154,2
P247156,2
P247159,2
P247160,2
P247178,2
P247180,2
P201215,2
P214734,2
P214738,2
P214744,2
P213070,2
P213074,2
P213078,2
P214678,2
P247145,2
P247150,2
P247112,2
P247113,2
P247114,2
P201201,2
P201204,2
P201209,2
P201212,2
P247069,2
P247078,2
P213042,2
P214709,2
P214713,2
P247092,2
P247094,2
P247109,2
P201243,2
P201250,2
P201254,2
P247030,2
P247033,2
P247038,2
P246998,2
P214787,2
P214794,2
P214807,2
P214764,2
P213029,2
P201234,2
P201235,2
P201237,2
P246963,2
P246965,2
P246970,2
P201271,2
P201273,2
P201294,2
P246925,2
P246935,2
P246885,2
P246888,2
P246889,2
P214834,2
P212989,2
P214782,2
P246891,2
P246901,2
P246903,2
P246915,2
P201337,2
P246827,2
P246828,2
P246845,2
P246846,2
P246853,2
P246870,2
P246873,2
P246876,2
P246821,2
P246824,2
P214844,2
P214847,2
P214849,2
P214860,2
P214822,2
P214830,2
P201316,2
P201320,2
P201331,2
P246772,2
P246778,2
P246779,2
P246783,2
P214884,2
P214890,2
P214897,2
P213024,2
P246799,2
P246803,2
P246804,2
P201357,2
P201360,2
P201363,2
P246739,2
P246745,2
P246753,2
P246757,2
P246760,2
P246718,2
P212968,2
P212971,2
P214862,2
P246722,2
P246723,2
P201341,2
P201396,2
P246684,2
P246686,2
P246699,2
P246702,2
P246682,2
P201368,2
P201375,2
P214932,2
P214935,2
P214951,2
P214913,2
P201381,2
P201382,2
P201383,2
P201384,2
P201391,2
P246642,2
P246650,2
P246660,2
P246664,2
P246667,2
P246678,2
P246600,2
P214975,2
P214976,2
P214978,2
P246622,2
P246632,2
P246637,2
P246566,2
P246569,2
P246576,2
P201411,2
P201412,2
P201421,2
P246544,2
P246553,2
P246558,2
P246509,2
P246517,2
P246519,2
P215018,2
P215025,2
P214965,2
P214970,2
P246524,2
P201398,2
P201399,2
P201403,2
P201405,2
P201466,2
P246478,2
P246490,2
P246498,2
P246503,2
P246456,2
P212920,2
P212922,2
P212924,2
P212930,2
P214992,2
P214996,2
P214999,2
P215002,2
P215003,2
P215008,2
P215014,2
P201432,2
P201440,2
P201451,2
P201462,2
P246403,2
P246412,2
P246414,2
P246415,2
P215058,2
P215060,2
P215072,2
P215031,2
P215032,2
P215034,2
P215040,2
P215042,2
P246418,2
P246436,2
P246442,2
P246366,2
P246378,2
P215098,2
P215106,2
P215107,2
P215111,2
P215115,2
P215049,2
P215055,2
P246390,2
P201494,2
P201495,2
P201496,2
P246337,2
P246344,2
P246346,2
P246357,2
P246315,2
P246316,2
P246318,2
P246323,2
P215138,2
P212888,2
P212891,2
P215089,2
P215094,2
P215097,2
P201468,2
P201475,2
P201479,2
P201488,2
P201492,2
P246261,2
P246268,2
P246282,2
P215154,2
P215156,2
P215163,2
P215117,2
P215126,2
P246285,2
P246292,2
P246304,2
P246257,2
P201510,2
P201521,2
P201526,2
P201530,2
P246220,2
P215205,2
P215213,2
P215218,2
P215220,2
P246231,2
P246248,2
P246253,2
P246180,2
P246182,2
P246189,2
P246205,2
P246146,2
P246158,2
P246169,2
P246170,2
P246106,2
P246123,2
P212872,2
P212876,2
P215173,2
P246134,2
P201586,2
P201589,2
P201591,2
P246070,2
P246095,2
P246051,2
P246059,2
P201564,2
P201568,2
P201571,2
P246013,2
P215251,2
P215259,2
P215271,2
P215228,2
P215229,2
P246025,2
P245974,2
P245976,2
P245993,2
P246005,2
P246009,2
P201615,2
P245964,2
P245967,2
P245970,2
P201594,2
P215300,2
P215307,2
P212881,2
P215233,2
P201601,2
P245883,2
P245923,2
P245924,2
P245846,2
P245863,2
P245871,2
P245806,2
P245814,2
P245817,2
P245836,2
P201656,2
P245772,2
P245773,2
P212838,2
P212849,2
P212850,2
P215281,2
P215283,2
P215285,2
P215286,2
P215289,2
P245782,2
P245788,2
P245791,2
P245800,2
P201628,2
P201634,2
P201637,2
P245703,2
P245708,2
P245712,2
P215358,2
P215365,2
P215318,2
P245686,2
P245690,2
P245652,2
P201673,2
P201683,2
P245599,2
P245604,2
P245610,2
P245631,2
P245640,2
P245648,2
P245596,2
P245598,2
P215389,2
P212810,2
P212811,2
P212815,2
P212822,2
P212854,2
P215332,2
P215335,2
P215344,2
P215348,2
P201699,2
P201703,2
P245543,2
P215411,2
P215379,2
P215388,2
P245562,2
P245573,2
P245581,2
P245585,2
P245502,2
P245503,2
P245507,2
P245517,2
P245485,2
P245487,2
P201725,2
P201728,2
P245441,2
P245452,2
P212793,2
P212795,2
P215392,2
P245464,2
P245471,2
P245474,2
P245477,2
P245406,2
P245410,2
P245412,2
P245422,2
P245423,2
P245437,2
P245395,2
P215485,2
P215494,2
P215505,2
P201757,2
P201758,2
P201777,2
P245355,2
P245360,2
P245368,2
P245380,2
P245382,2
P201806,2
P201808,2
P245316,2
P245318,2
P245335,2
P245298,2
P245301,2
P245304,2
P245307,2
P201781,2
P215527,2
P212801,2
P212804,2
P201783,2
P201785,2
P201787,2
P201790,2
P201797,2
P201803,2
P245256,2
P245258,2
P245262,2
P245268,2
P245269,2
P215549,2
P215553,2
P215558,2
P215515,2
P215522,2
P245277,2
P245284,2
P201838,2
P245232,2
P245238,2
P245242,2
P245216,2
P245224,2
P201827,2
P245200,2
P215584,2
P215588,2
P215590,2
P215593,2
P212765,2
P215533,2
P201865,2
P245149,2
P245151,2
P245162,2
P245169,2
P245174,2
P245114,2
P245081,2
P215560,2
P215569,2
P245088,2
P245093,2
P245100,2
P245108,2
P245064,2
P201883,2
P201887,2
P201892,2
P201895,2
P245021,2
P245024,2
P245031,2
P245037,2
P245041,2
P244978,2
P244984,2
P244995,2
P215639,2
P215652,2
P215597,2
P215604,2
P244998,2
P245002,2
P244956,2
P244962,2
P244967,2
P201914,2
P201915,2
P201924,2
P244929,2
P212705,2
P212710,2
P212735,2
P212742,2
P215630,2
P244939,2
P244941,2
P244949,2
P244953,2
P201962,2
P244891,2
P244896,2
P244897,2
P244908,2
P244852,2
P244861,2
P244862,2
P215706,2
P215729,2
P215733,2
P215669,2
P215670,2
P244835,2
P244838,2
P244843,2
P244812,2
P201981,2
P201984,2
P201987,2
P201992,2
P244764,2
P244766,2
P244778,2
P215758,2
P215760,2
P215770,2
P212717,2
P215684,2
P215700,2
P244782,2
P244789,2
P202027,2
P244731,2
P244738,2
P244747,2
P244758,2
P244721,2
P202005,2
P212669,2
P212671,2
P212680,2
P212682,2
P215738,2
P215748,2
P215751,2
P202021,2
P202023,2
P202026,2
P244683,2
P244689,2
P244693,2
P244694,2
P202052,2
P202063,2
P244628,2
P212655,2
P212663,2
P244641,2
P244647,2
P244654,2
P244619,2
P202033,2
P202039,2
P202045,2
P244560,2
P244561,2
P244584,2
P244588,2
P244594,2
P244597,2
P244602,2
P202070,2
P215855,2
P215860,2
P215870,2
P215800,2
P202075,2
P202085,2
P202091,2
P202099,2
P202109,2
P244506,2
P244507,2
P244517,2
P244522,2
P244531,2
P244541,2
P202127,2
P202128,2
P244469,2
P244471,2
P212648,2
P215828,2
P215834,2
P215840,2
P215847,2
P244502,2
P244447,2
P244456,2
P202119,2
P244414,2
P244420,2
P244430,2
P244431,2
P244390,2
P244391,2
P244392,2
P215930,2
P215931,2
P215890,2
P215892,2
P215899,2
P244398,2
P244341,2
P244344,2
P244353,2
P244361,2
P244362,2
P244372,2
P202199,2
P244293,2
P244294,2
P244308,2
P215908,2
P244311,2
P244326,2
P244331,2
P244292,2
P202170,2
P202183,2
P202191,2
P202198,2
P244254,2
P244262,2
P244268,2
P244269,2
P244273,2
P202232,2
P202234,2
P202236,2
P212595,2
P212607,2
P212612,2
P215947,2
P215948,2
P215950,2
P215953,2
P244221,2
P244237,2
P244196,2
P244198,2
P216004,2
P216005,2
P216010,2
P216011,2
P215980,2
P215981,2
P215984,2
P202221,2
P244135,2
P244156,2
P244166,2
P244173,2
P244174,2
P244180,2
P244120,2
P216036,2
P216037,2
P216061,2
P212613,2
P212620,2
P216000,2
P202241,2
P202252,2
P202256,2
P202261,2
P244077,2
P244111,2
P202277,2
P202283,2
P202294,2
P202347,2
P212567,2
P216023,2
P244016,2
P244025,2
P244036,2
P244037,2
P243972,2
P243975,2
P243995,2
P243997,2
P202316,2
P202326,2
P243935,2
P243938,2
P243942,2
P243944,2
P216121,2
P216127,2
P243952,2
P243959,2
P243966,2
P243934,2
P202366,2
P202387,2
P202389,2
P243897,2
P243898,2
P243905,2
P243906,2
P243908,2
P243911,2
P243913,2
P243877,2
P216154,2
P216155,2
P216157,2
P212531,2
P216102,2
P216109,2
P243879,2
P243886,2
P243819,2
P243831,2
P243847,2
P243851,2
P243854,2
P202413,2
P202414,2
P202416,2
P216182,2
P216183,2
P216192,2
P243787,2
P243751,2
P243758,2
P243773,2
P202440,2
P243705,2
P243725,2
P243727,2
P243731,2
P243738,2
P202421,2
P202430,2
P202431,2
P243654,2
P243655,2
P243660,2
P216225,2
P216228,2
P216236,2
P212541,2
P216173,2
P243664,2
P243671,2
P243678,2
P243619,2
P243625,2
P243629,2
P243634,2
P243591,2
P243594,2
P216270,2
P212491,2
P212501,2
P212502,2
P212505,2
P212507,2
P212509,2
P216197,2
P216198,2
P202453,2
P202455,2
P202459,2
P243535,2
P243540,2
P243548,2
P243550,2
P216281,2
P216298,2
P243560,2
P243561,2
P243508,2
P243519,2
P243520,2
P243524,2
P243527,2
P243532,2
P243465,2
P243468,2
P243475,2
P243477,2
P243478,2
P243485,2
P243489,2
P243499,2
P243455,2
P243458,2
P216346,2
P216347,2
P216362,2
P212516,2
P212519,2
P216278,2
P202472,2
P202478,2
P243390,2
P243400,2
P243402,2
P212459,2
P212461,2
P212462,2
P212467,2
P212473,2
P216325,2
P216328,2
P216335,2
P243408,2
P243388,2
P202497,2
P202500,2
P202501,2
P202519,2
P202520,2
P202521,2
P243350,2
P243358,2
P243359,2
P216428,2
P216429,2
P216441,2
P243368,2
P243369,2
P243373,2
P243307,2
P243313,2
P243327,2
P243340,2
P243293,2
P243299,2
P243302,2
P243304,2
P216470,2
P216401,2
P216403,2
P216410,2
P202547,2
P202548,2
P202559,2
P202566,2
P243246,2
P243252,2
P243272,2
P243277,2
P243282,2
P243211,2
P243215,2
P243218,2
P216456,2
P243231,2
P243241,2
P243196,2
P243201,2
P202584,2
P202589,2
P243155,2
P243159,2
P243163,2
P243164,2
P243183,2
P243184,2
P243190,2
P202624,2
P243100,2
P216519,2
P216520,2
P216538,2
P216542,2
P216544,2
P216545,2
P216548,2
P212452,2
P243091,2
P243093,2
P243056,2
P243065,2
P243067,2
P243077,2
P243078,2
P243082,2
P243084,2
P243010,2
P212390,2
P212406,2
P212410,2
P216504,2
P216505,2
P216507,2
P216511,2
P216515,2
P243026,2
P243027,2
P243028,2
P243031,2
P243033,2
P243034,2
P243038,2
P243040,2
P243050,2
P202656,2
P242982,2
P212370,2
P212374,2
P212380,2
P216560,2
P216564,2
P242991,2
P242996,2
P243001,2
P243002,2
P216620,2
P216632,2
P212414,2
P216586,2
P216587,2
P216605,2
P202631,2
P202639,2
P202640,2
P242923,2
P242924,2
P242928,2
P242931,2
P242933,2
P242944,2
P242949,2
P202673,2
P216656,2
P216665,2
P216673,2
P216610,2
P216614,2
P242917,2
P242919,2
P202663,2
P202666,2
P202667,2
P202700,2
P242849,2
P242850,2
P242864,2
P242824,2
P212327,2
P216633,2
P216637,2
P216641,2
P216652,2
P202689,2
P202692,2
P202698,2
P242769,2
P242772,2
P242774,2
P242809,2
P242821,2
P202728,2
P242740,2
P242747,2
P242750,2
P242757,2
P242726,2
P216719,2
P216720,2
P216688,2
P202720,2
P202723,2
P242690,2
P242706,2
P242707,2
P242721,2
P242644,2
P242653,2
P242666,2
P242668,2
P242673,2
P242685,2
P212280,2
P212288,2
P212300,2
P216691,2
P216699,2
P216711,2
P202766,2
P202769,2
P242576,2
P242577,2
P242579,2
P242584,2
P242527,2
P242536,2
P242542,2
P242546,2
P242557,2
P216784,2
P216795,2
P216761,2
P242559,2
P202749,2
P202751,2
P202752,2
P202754,2
P202804,2
P242502,2
P242507,2
P242519,2
P242471,2
P242472,2
P242478,2
P216827,2
P212245,2
P212253,2
P202775,2
P242439,2
P242447,2
P242450,2
P242452,2
P242459,2
P202816,2
P202817,2
P202822,2
P202832,2
P242401,2
P242417,2
P242346,2
P242353,2
P216833,2
P216836,2
P216850,2
P216804,2
P216811,2
P216815,2
P242369,2
P242386,2
P242387,2
P202862,2
P202866,2
P242315,2
P242330,2
P242342,2
P242292,2
P242296,2
P212228,2
P212231,2
P212238,2
P212268,2
P212277,2
P216830,2
P216832,2
P202845,2
P202858,2
P202897,2
P242245,2
P242279,2
P242284,2
P242285,2
P216903,2
P216905,2
P216906,2
P216908,2
P216915,2
P216857,2
P216862,2
P216867,2
P216874,2
P202879,2
P242167,2
P242178,2
P242193,2
P242211,2
P242133,2
P216939,2
P212191,2
P212193,2
P216892,2
P242145,2
P242148,2
P242150,2
P242126,2
P202904,2
P202906,2
P202918,2
P202922,2
P202957,2
P202958,2
P242086,2
P242095,2
P242103,2
P242105,2
P242070,2
P202931,2
P202932,2
P216958,2
P216961,2
P216964,2
P216916,2
P216918,2
P216921,2
P216927,2
P202939,2
P202940,2
P202948,2
P242043,2
P216995,2
P212158,2
P212166,2
P212215,2
P242055,2
P242058,2
P242060,2
P241982,2
P241990,2
P242001,2
P242008,2
P242016,2
P202989,2
P241941,2
P241942,2
P241946,2
P217006,2
P217016,2
P217019,2
P216975,2
P216988,2
P216989,2
P241955,2
P241961,2
P241969,2
P241978,2
P241927,2
P202964,2
P202970,2
P202976,2
P202978,2
P241871,2
P241880,2
P241882,2
P217042,2
P217048,2
P217057,2
P217060,2
P217072,2
P217074,2
P212177,2
P212180,2
P216998,2
P216999,2
P241895,2
P241921,2
P203034,2
P241817,2
P241826,2
P217096,2
P217104,2
P217105,2
P217114,2
P217025,2
P217029,2
P241860,2
P241784,2
P241793,2
P241794,2
P241795,2
P241798,2
P203005,2
P241746,2
P241747,2
P241757,2
P212133,2
P212135,2
P212142,2
P212150,2
P212155,2
P217085,2
P241758,2
P241766,2
P241782,2
P203039,2
P203044,2
P203051,2
P203062,2
P241706,2
P241718,2
P241735,2
P241641,2
P217157,2
P212101,2
P212108,2
P241657,2
P241682,2
P203093,2
P203098,2
P241623,2
P241588,2
P241589,2
P241592,2
P241594,2
P203078,2
P203079,2
P203089,2
P241555,2
P241560,2
P241562,2
P217185,2
P217192,2
P217198,2
P217129,2
P217142,2
P241572,2
P241573,2
P241575,2
P241516,2
P241519,2
P241522,2
P241529,2
P241534,2
P241484,2
P241488,2
P217228,2
P212073,2
P212086,2
P212129,2
P241497,2
P203107,2
P203113,2
P203155,2
P203157,2
P203158,2
P241453,2
P241458,2
P241461,2
P241462,2
P241465,2
P241415,2
P241416,2
P241432,2
P217241,2
P217261,2
P217206,2
P217211,2
P241439,2
P203139,2
P203141,2
P241393,2
P241405,2
P241364,2
P203185,2
P241321,2
P241329,2
P241340,2
P217311,2
P217323,2
P212095,2
P241341,2
P241347,2
P241354,2
P241286,2
P241291,2
P241300,2
P241301,2
P241304,2
P241239,2
P241259,2
P241262,2
P212041,2
P217269,2
P241264,2
P241274,2
P241277,2
P241280,2
P203226,2
P241205,2
P241215,2
P241237,2
P241178,2
P241185,2
P241190,2
P241200,2
P203213,2
P203216,2
P241159,2
P217363,2
P217365,2
P217368,2
P217331,2
P217335,2
P241164,2
P241170,2
P241173,2
P241174,2
P241175,2
P241121,2
P241125,2
P241128,2
P241129,2
P241100,2
P241107,2
P217410,2
P217341,2
P217343,2
P203257,2
P203261,2
P241067,2
P241073,2
P241077,2
P241088,2
P241090,2
P241099,2
P203296,2
P203297,2
P203302,2
P241021,2
P241024,2
P217439,2
P217445,2
P217448,2
P217390,2
P241033,2
P241041,2
P241042,2
P241005,2
P241008,2
P241011,2
P203291,2
P240965,2
P240970,2
P240983,2
P240986,2
P240927,2
P217467,2
P217480,2
P217481,2
P217428,2
P240949,2
P240955,2
P240905,2
P240914,2
P240919,2
P203346,2
P203347,2
P203349,2
P203353,2
P240873,2
P240849,2
P212015,2
P212020,2
P212022,2
P217454,2
P217458,2
P217460,2
P240860,2
P203338,2
P203387,2
P240798,2
P240805,2
P240817,2
P240828,2
P240830,2
P240832,2
P240837,2
P240789,2
P217504,2
P217505,2
P217511,2
P217519,2
P217489,2
P217495,2
P203365,2
P203370,2
P203373,2
P240748,2
P240754,2
P240760,2
P240767,2
P240771,2
P240786,2
P217560,2
P217566,2
P217568,2
P212028,2
P217498,2
P203409,2
P240710,2
P240716,2
P240724,2
P240726,2
P240727,2
P240728,2
P240729,2
P240735,2
P203453,2
P217576,2
P217577,2
P217585,2
P217610,2
P217558,2
P240692,2
P240703,2
P240704,2
P240642,2
P203440,2
P203447,2
P240629,2
P203474,2
P240579,2
P240583,2
P240602,2
P240624,2
P217656,2
P211998,2
P240561,2
P240574,2
P240537,2
P203481,2
P203486,2
P203487,2
P203525,2
P203529,2
P240492,2
P240505,2
P240506,2
P240510,2
P240472,2
P240476,2
P217628,2
P217632,2
P203516,2
P203518,2
P240435,2
P240442,2
P240449,2
P240452,2
P240456,2
P240459,2
P240463,2
P240464,2
P240470,2
P240378,2
P240407,2
P217705,2
P240413,2
P203553,2
P240345,2
P240349,2
P240356,2
P240358,2
P240373,2
P240320,2
P240326,2
P240334,2
P203530,2
P203532,2
P203547,2
P240288,2
P240290,2
P240294,2
P217738,2
P217744,2
P211974,2
P240300,2
P240308,2
P240310,2
P240313,2
P240235,2
P240241,2
P240245,2
P240252,2
P240254,2
P240271,2
P240193,2
P240198,2
P211929,2
P211931,2
P211944,2
P211945,2
P217710,2
P217717,2
P217718,2
P217734,2
P240225,2
P240227,2
P240177,2
P203602,2
P240130,2
P240132,2
P240142,2
P240157,2
P240099,2
P240102,2
P240104,2
P217795,2
P217797,2
P217801,2
P217804,2
P217807,2
P217759,2
P217766,2
P217767,2
P240105,2
P240120,2
P203646,2
P240069,2
P240080,2
P240083,2
P240086,2
P240039,2
P240041,2
P240043,2
P211891,2
P211892,2
P211905,2
P217776,2
P240062,2
P203623,2
P239998,2
P240000,2
P240001,2
P240004,2
P240024,2
P240036,2
P203678,2
P203679,2
P239970,2
P239972,2
P239978,2
P217854,2
P217862,2
P211884,2
P239989,2
P239991,2
P239992,2
P239994,2
P239940,2
P239961,2
P239962,2
P203658,2
P203664,2
P203668,2
P203669,2
P203672,2
P239897,2
P239899,2
P211857,2
P211859,2
P211866,2
P211876,2
P239913,2
P239932,2
P239934,2
P203704,2
P239865,2
P217924,2
P217925,2
P217926,2
P217936,2
P217889,2
P217893,2
P239875,2
P239887,2
P239855,2
P239857,2
P203686,2
P203696,2
P239814,2
P239818,2
P239824,2
P239826,2
P211883,2
P217905,2
P217909,2
P239830,2
P239842,2
P239847,2
P203734,2
P239796,2
P239802,2
P239807,2
P239775,2
P239781,2
P239783,2
P203710,2
P203730,2
P239757,2
P239765,2
P239708,2
P239715,2
P239734,2
P211828,2
P211829,2
P211831,2
P211837,2
P203741,2
P203749,2
P239668,2
P239673,2
P239678,2
P239683,2
P239701,2
P239706,2
P203782,2
P203790,2
P203792,2
P218001,2
P218006,2
P218007,2
P218013,2
P218015,2
P217982,2
P217984,2
P239640,2
P239644,2
P239648,2
P239653,2
P239605,2
P239608,2
P239621,2
P218039,2
P218050,2
P217999,2
P203769,2
P203772,2
P203773,2
P203774,2
P203778,2
P239577,2
P239580,2
P239582,2
P239587,2
P239590,2
P239598,2
P203814,2
P203816,2
P203823,2
P211799,2
P211801,2
P211808,2
P239539,2
P239558,2
P239559,2
P239564,2
P239513,2
P239514,2
P239518,2
P203796,2
P203801,2
P203808,2
P203852,2
P203853,2
P203860,2
P203864,2
P218090,2
P218098,2
P218068,2
P239480,2
P239488,2
P203894,2
P239428,2
P239430,2
P239448,2
P239407,2
P239408,2
P239413,2
P239417,2
P218127,2
P218132,2
P218140,2
P218076,2
P203871,2
P203876,2
P203889,2
P203891,2
P239361,2
P239368,2
P239387,2
P239395,2
P239400,2
P239402,2
P239334,2
P239346,2
P239348,2
P239349,2
P239352,2
P239357,2
P239319,2
P211774,2
P211775,2
P211783,2
P218121,2
P203903,2
P203905,2
P203909,2
P203915,2
P203916,2
P239260,2
P239264,2
P239268,2
P239276,2
P218165,2
P218175,2
P218150,2
P218153,2
P218154,2
P239286,2
P239289,2
P239299,2
P203941,2
P203945,2
P203950,2
P239229,2
P239232,2
P239241,2
P239210,2
P239215,2
P239216,2
P218202,2
P211735,2
P211737,2
P211739,2
P203923,2
P203932,2
P203936,2
P239165,2
P239172,2
P239190,2
P239199,2
P239204,2
P239161,2
P239162,2
P239163,2
P239164,2
P218210,2
P218224,2
P218192,2
P218193,2
P203960,2
P239110,2
P239119,2
P239130,2
P239135,2
P239136,2
P204006,2
P239066,2
P239071,2
P218245,2
P218251,2
P218267,2
P218270,2
P218277,2
P211741,2
P211752,2
P239095,2
P239050,2
P239054,2
P239055,2
P239058,2
P203986,2
P203993,2
P203996,2
P239020,2
P239022,2
P239024,2
P218297,2
P211701,2
P211704,2
P211707,2
P211718,2
P218231,2
P218243,2
P218244,2
P239040,2
P239047,2
P239049,2
P238977,2
P238983,2
P239005,2
P239007,2
P239013,2
P239017,2
P238955,2
P238966,2
P204007,2
P218319,2
P218321,2
P218323,2
P204014,2
P204024,2
P204038,2
P238907,2
P238909,2
P238918,2
P238920,2
P218349,2
P218350,2
P218362,2
P218363,2
P218378,2
P238930,2
P238937,2
P238941,2
P238945,2
P238865,2
P238866,2
P238883,2
P238888,2
P238890,2
P238853,2
P238862,2
P211677,2
P211679,2
P211682,2
P211684,2
P218332,2
P218334,2
P218344,2
P204067,2
P238813,2
P238816,2
P238824,2
P238839,2
P238768,2
P238807,2
P204110,2
P204114,2
P238731,2
P218420,2
P218422,2
P218424,2
P218390,2
P211671,2
P211672,2
P211674,2
P238741,2
P238746,2
P238755,2
P238705,2
P238713,2
P238715,2
P238719,2
P238721,2
P218451,2
P218452,2
P218462,2
P218467,2
P211690,2
P211693,2
P218403,2
P218408,2
P204120,2
P204125,2
P238650,2
P238655,2
P238681,2
P204169,2
P238612,2
P238620,2
P238626,2
P238574,2
P238575,2
P238577,2
P238589,2
P218481,2
P211638,2
P211651,2
P211653,2
P211654,2
P238593,2
P204152,2
P204158,2
P238543,2
P238551,2
P238559,2
P238568,2
P204189,2
P204200,2
P238463,2
P238466,2
P218501,2
P218503,2
P218516,2
P218470,2
P218472,2
P218480,2
P238493,2
P238509,2
P238435,2
P238438,2
P238439,2
P238449,2
P218560,2
P211660,2
P218487,2
P218491,2
P204176,2
P204186,2
P238397,2
P238398,2
P238403,2
P238404,2
P238416,2
P238433,2
P238390,2
P204205,2
P204216,2
P204217,2
P204220,2
P204223,2
P238351,2
P238354,2
P238360,2
P211620,2
P211630,2
P218529,2
P218535,2
P238380,2
P238383,2
P238293,2
P238294,2
P238301,2
P238318,2
P238319,2
P204254,2
P218599,2
P218609,2
P218611,2
P218613,2
P218579,2
P211613,2
P238270,2
P238273,2
P238276,2
P238281,2
P238283,2
P238232,2
P238245,2
P238257,2
P204231,2
P204241,2
P238193,2
P238197,2
P238202,2
P211593,2
P211594,2
P211635,2
P218582,2
P218587,2
P238217,2
P204268,2
P238169,2
P238173,2
P238176,2
P238180,2
P238182,2
P204306,2
P204307,2
P204312,2
P218659,2
P218663,2
P218665,2
P218674,2
P218678,2
P218628,2
P218642,2
P211590,2
P238108,2
P238130,2
P238098,2
P238100,2
P204294,2
P204302,2
P238055,2
P211569,2
P211574,2
P211606,2
P218658,2
P204340,2
P204349,2
P204351,2
P204354,2
P204355,2
P238000,2
P238005,2
P204383,2
P204386,2
P237977,2
P237980,2
P237982,2
P211528,2
P211531,2
P211547,2
P211551,2
P218688,2
P218689,2
P218691,2
P218695,2
P237987,2
P237989,2
P237992,2
P204333,2
P237965,2
P237968,2
P237971,2
P204360,2
P218757,2
P218761,2
P218769,2
P218714,2
P218721,2
P204424,2
P237932,2
P237945,2
P237948,2
P237950,2
P237953,2
P237903,2
P237907,2
P211503,2
P211513,2
P218742,2
P204405,2
P237887,2
P237889,2
P237890,2
P237824,2
P237825,2
P237846,2
P204430,2
P204437,2
P237787,2
P237807,2
P237814,2
P237817,2
P237821,2
P237822,2
P204480,2
P237764,2
P218805,2
P218819,2
P218830,2
P218778,2
P218782,2
P218787,2
P218788,2
P237784,2
P237752,2
P204454,2
P237697,2
P237704,2
P237708,2
P218855,2
P218863,2
P218793,2
P218803,2
P237710,2
P237723,2
P237734,2
P237675,2
P237677,2
P237682,2
P237638,2
P237648,2
P237659,2
P237661,2
P237607,2
P218883,2
P218894,2
P218834,2
P218840,2
P218841,2
P218851,2
P237624,2
P237628,2
P204534,2
P237574,2
P237590,2
P237591,2
P237599,2
P237566,2
P237570,2
P204511,2
P211462,2
P211467,2
P211470,2
P211472,2
P218876,2
P204516,2
P204527,2
P237529,2
P237548,2
P237472,2
P237481,2
P237484,2
P237486,2
P237487,2
P237488,2
P237495,2
P237505,2
P204561,2
P204562,2
P204564,2
P237443,2
P237448,2
P237451,2
P218918,2
P218932,2
P218940,2
P218942,2
P218897,2
P218898,2
P218899,2
P218901,2
P211452,2
P211432,2
P237456,2
P237421,2
P237422,2
P204555,2
P204583,2
P237391,2
P237402,2
P237411,2
P237362,2
P237364,2
P237368,2
P237370,2
P204567,2
P204570,2
P204574,2
P237327,2
P237329,2
P218989,2
P218991,2
P218955,2
P218959,2
P218962,2
P237339,2
P204626,2
P204627,2
P237273,2
P237275,2
P237279,2
P237280,2
P237302,2
P237305,2
P237309,2
P237270,2
P219017,2
P219021,2
P211395,2
P211399,2
P211403,2
P211408,2
P211448,2
P218972,2
P218973,2
P204608,2
P204620,2
P204622,2
P237227,2
P237235,2
P219036,2
P219044,2
P219045,2
P218998,2
P219001,2
P219003,2
P219005,2
P237238,2
P237239,2
P237251,2
P204648,2
P204659,2
P237197,2
P237213,2
P237214,2
P237218,2
P237160,2
P237161,2
P219074,2
P219075,2
P211419,2
P219024,2
P219026,2
P237172,2
P204640,2
P204642,2
P204682,2
P204683,2
P204685,2
P204688,2
P237111,2
P237113,2
P237121,2
P237126,2
P237133,2
P237079,2
P237080,2
P237096,2
P219098,2
P219103,2
P219104,2
P219054,2
P237107,2
P204666,2
P204671,2
P204710,2
P204713,2
P237050,2
P211360,2
P219079,2
P219082,2
P219088,2
P219092,2
P237065,2
P237068,2
P237070,2
P237025,2
P204701,2
P204707,2
P204709,2
P204737,2
P236978,2
P236999,2
P237006,2
P236961,2
P236965,2
P236968,2
P204720,2
P219139,2
P219148,2
P219154,2
P219156,2
P219157,2
P219159,2
P219115,2
P219127,2
P204730,2
P204731,2
P204734,2
P236941,2
P236943,2
P236949,2
P236959,2
P204753,2
P219180,2
P219184,2
P219199,2
P211382,2
P211389,2
P219133,2
P219137,2
P236877,2
P236902,2
P236918,2
P236919,2
P236845,2
P236848,2
P236862,2
P219162,2
P219163,2
P219166,2
P219168,2
P204741,2
P204744,2
P204747,2
P236805,2
P236806,2
P236810,2
P236836,2
P236840,2
P236772,2
P236779,2
P236790,2
P236794,2
P219255,2
P219203,2
P204789,2
P204825,2
P204833,2
P236738,2
P236742,2
P236746,2
P236761,2
P236704,2
P236726,2
P236735,2
P204806,2
P204817,2
P236659,2
P211305,2
P211308,2
P211311,2
P211315,2
P211319,2
P211323,2
P219220,2
P236675,2
P236688,2
P236693,2
P236698,2
P236652,2
P236596,2
P236564,2
P236575,2
P236580,2
P219319,2
P219324,2
P219328,2
P219267,2
P204837,2
P204843,2
P204851,2
P236513,2
P236522,2
P236539,2
P236540,2
P236548,2
P236559,2
P204895,2
P204901,2
P236487,2
P236489,2
P219352,2
P211271,2
P211274,2
P211277,2
P219297,2
P219305,2
P236493,2
P236467,2
P236469,2
P236472,2
P204864,2
P204865,2
P204866,2
P204868,2
P204873,2
P236426,2
P236427,2
P236437,2
P236438,2
P219389,2
P219335,2
P219336,2
P236441,2
P236443,2
P236454,2
P204934,2
P236387,2
P236395,2
P236398,2
P236400,2
P236417,2
P236419,2
P236423,2
P219411,2
P219423,2
P219425,2
P219431,2
P219432,2
P211289,2
P211295,2
P219358,2
P204915,2
P204919,2
P204930,2
P236334,2
P236342,2
P219459,2
P219462,2
P219463,2
P219464,2
P219475,2
P219406,2
P236359,2
P236311,2
P236312,2
P236251,2
P236257,2
P236269,2
P236271,2
P236273,2
P236274,2
P236276,2
P236245,2
P211258,2
P211262,2
P211263,2
P211264,2
P219449,2
P219450,2
P219454,2
P204952,2
P204953,2
P204955,2
P236194,2
P236207,2
P236215,2
P236222,2
P236235,2
P236236,2
P204973,2
P204978,2
P204985,2
P219509,2
P219512,2
P219492,2
P211243,2
P236152,2
P236158,2
P236165,2
P236135,2
P236142,2
P236144,2
P236146,2
P236147,2
P204970,2
P236091,2
P236095,2
P211216,2
P211218,2
P219498,2
P236110,2
P236112,2
P236119,2
P236088,2
P204995,2
P205006,2
P205008,2
P236042,2
P236044,2
P236062,2
P205043,2
P205054,2
P219569,2
P219580,2
P219538,2
P236008,2
P236018,2
P236019,2
P236020,2
P236021,2
P236022,2
P235970,2
P235980,2
P235983,2
P205024,2
P205025,2
P205030,2
P235929,2
P235931,2
P235938,2
P219613,2
P211184,2
P211185,2
P211194,2
P211226,2
P211227,2
P211229,2
P211232,2
P211237,2
P219550,2
P235950,2
P235953,2
P205081,2
P205084,2
P235894,2
P219648,2
P219651,2
P219606,2
P219607,2
P235911,2
P235915,2
P235921,2
P205113,2
P235866,2
P205067,2
P235846,2
P235848,2
P205088,2
P219671,2
P219673,2
P211211,2
P205098,2
P205101,2
P205108,2
P205109,2
P205110,2
P235810,2
P235816,2
P235828,2
P235830,2
P235844,2
P235789,2
P235797,2
P235803,2
P235736,2
P235738,2
P211170,2
P211173,2
P211175,2
P219657,2
P219664,2
P235747,2
P235757,2
P205119,2
P205147,2
P205150,2
P205167,2
P235687,2
P235697,2
P235702,2
P235704,2
P235713,2
P235625,2
P235627,2
P235630,2
P235632,2
P219726,2
P211127,2
P211132,2
P211157,2
P211163,2
P235638,2
P235646,2
P235662,2
P235671,2
P235673,2
P205196,2
P219772,2
P211179,2
P219703,2
P219704,2
P219713,2
P235600,2
P235618,2
P235623,2
P235579,2
P235590,2
P205178,2
P205179,2
P205184,2
P235523,2
P235549,2
P235560,2
P235569,2
P205224,2
P205230,2
P205237,2
P219788,2
P219795,2
P219796,2
P219804,2
P211136,2
P211149,2
P235504,2
P235507,2
P235515,2
P235516,2
P235518,2
P205273,2
P235468,2
P235469,2
P235472,2
P211102,2
P211103,2
P211108,2
P211109,2
P211110,2
P219780,2
P235482,2
P205217,2
P205220,2
P235455,2
P235462,2
P235465,2
P205239,2
P219856,2
P219870,2
P219873,2
P219816,2
P219825,2
P205242,2
P205257,2
P205258,2
P205269,2
P235446,2
P235453,2
P235365,2
P235377,2
P235394,2
P235397,2
P235401,2
P235338,2
P211057,2
P211058,2
P211060,2
P211068,2
P211112,2
P219830,2
P235308,2
P205278,2
P205289,2
P235276,2
P235280,2
P235281,2
P235284,2
P235297,2
P205307,2
P205311,2
P205321,2
P205361,2
P219898,2
P219902,2
P219904,2
P219916,2
P219876,2
P219877,2
P219879,2
P235242,2
P235252,2
P235256,2
P235271,2
P235219,2
P235224,2
P219941,2
P219958,2
P219960,2
P219884,2
P219885,2
P219894,2
P235229,2
P205340,2
P235172,2
P235173,2
P235175,2
P235182,2
P235193,2
P235162,2
P205371,2
P205375,2
P205385,2
P235125,2
P235132,2
P235135,2
P235138,2
P211029,2
P211031,2
P211034,2
P219932,2
P235145,2
P235153,2
P235084,2
P235101,2
P235107,2
P235074,2
P235076,2
P235080,2
P219996,2
P220009,2
P220011,2
P219970,2
P219979,2
P205403,2
P205407,2
P205412,2
P235017,2
P235027,2
P235046,2
P235068,2
P205446,2
P205450,2
P211000,2
P219983,2
P235010,2
P235011,2
P235013,2
P234973,2
P234974,2
P205424,2
P205437,2
P205441,2
P234936,2
P234941,2
P234952,2
P234956,2
P234925,2
P234926,2
P234867,2
P234872,2
P234879,2
P234880,2
P220042,2
P220043,2
P220046,2
P220056,2
P220014,2
P220022,2
P205456,2
P205468,2
P234829,2
P234833,2
P234846,2
P234853,2
P234855,2
P234804,2
P234806,2
P210957,2
P211012,2
P211018,2
P234812,2
P234821,2
P234822,2
P234775,2
P234785,2
P234799,2
P205490,2
P205492,2
P205500,2
P205504,2
P205508,2
P205557,2
P205559,2
P234742,2
P220122,2
P220131,2
P220134,2
P220136,2
P220085,2
P234759,2
P234760,2
P234761,2
P234764,2
P234769,2
P234726,2
P234730,2
P220161,2
P220162,2
P220168,2
P210982,2
P220102,2
P220103,2
P205523,2
P205530,2
P205535,2
P205555,2
P234677,2
P234687,2
P234693,2
P234711,2
P234722,2
P234657,2
P220193,2
P220197,2
P210932,2
P210934,2
P220152,2
P220155,2
P234675,2
P205585,2
P234618,2
P234620,2
P234630,2
P205623,2
P234584,2
P234594,2
P234595,2
P234598,2
P234602,2
P234604,2
P234607,2
P234563,2
P220234,2
P220236,2
P220240,2
P220242,2
P220185,2
P220192,2
P205595,2
P205599,2
P205611,2
P234533,2
P234555,2
P234556,2
P205643,2
P205647,2
P234493,2
P220289,2
P210952,2
P220200,2
P234495,2
P234507,2
P234512,2
P234477,2
P234482,2
P205640,2
P205674,2
P205675,2
P234436,2
P234441,2
P234456,2
P234462,2
P234398,2
P234411,2
P234415,2
P220326,2
P220336,2
P220339,2
P220341,2
P220349,2
P220247,2
P220250,2
P220258,2
P205653,2
P205659,2
P205687,2
P205699,2
P234359,2
P210916,2
P234381,2
P234385,2
P234387,2
P234326,2
P234341,2
P234343,2
P234347,2
P234348,2
P234349,2
P205722,2
P205724,2
P205726,2
P234308,2
P234246,2
P234250,2
P220386,2
P220387,2
P220403,2
P220404,2
P220362,2
P210896,2
P234282,2
P205708,2
P234226,2
P234234,2
P234202,2
P234204,2
P205731,2
P205733,2
P205737,2
P234136,2
P220431,2
P210865,2
P210875,2
P210882,2
P210919,2
P210921,2
P234184,2
P234187,2
P234125,2
P234129,2
P234132,2
P234079,2
P234089,2
P234103,2
P234105,2
P205826,2
P234047,2
P234048,2
P220410,2
P220420,2
P234058,2
P234031,2
P234036,2
P205810,2
P233973,2
P233984,2
P234026,2
P233957,2
P205838,2
P205848,2
P205849,2
P233890,2
P233897,2
P220495,2
P220511,2
P220437,2
P233914,2
P233920,2
P233841,2
P233843,2
P233857,2
P233859,2
P233874,2
P233876,2
P233885,2
P205895,2
P205901,2
P233796,2
P233797,2
P210833,2
P210836,2
P210844,2
P210856,2
P233823,2
P233835,2
P233837,2
P233790,2
P205863,2
P205871,2
P205877,2
P205891,2
P233755,2
P233777,2
P205922,2
P233709,2
P220542,2
P220555,2
P220558,2
P220561,2
P220519,2
P220521,2
P220527,2
P233727,2
P233741,2
P233691,2
P233702,2
P205902,2
P205906,2
P205909,2
P205910,2
P233635,2
P233646,2
P220592,2
P220594,2
P220596,2
P220604,2
P220529,2
P233673,2
P233680,2
P233606,2
P233609,2
P233615,2
P233620,2
P233563,2
P233565,2
P210795,2
P210797,2
P210798,2
P210806,2
P220570,2
P233572,2
P233573,2
P233576,2
P233578,2
P233583,2
P233557,2
P205984,2
P205990,2
P233500,2
P233520,2
P220645,2
P220646,2
P220650,2
P233484,2
P233485,2
P206024,2
P233430,2
P233433,2
P233436,2
P233463,2
P233469,2
P233410,2
P233415,2
P233418,2
P205993,2
P205996,2
P220698,2
P220706,2
P220707,2
P220708,2
P206002,2
P206003,2
P206018,2
P206022,2
P233370,2
P233381,2
P233383,2
P233399,2
P233334,2
P233337,2
P233339,2
P233360,2
P206053,2
P210756,2
P210767,2
P210773,2
P220673,2
P220675,2
P220688,2
P220694,2
P233320,2
P233331,2
P233278,2
P233279,2
P233281,2
P233282,2
P233290,2
P233298,2
P206029,2
P206041,2
P206042,2
P206043,2
P206086,2
P206087,2
P206093,2
P220736,2
P220741,2
P220746,2
P220721,2
P210752,2
P233256,2
P233258,2
P233221,2
P233226,2
P233228,2
P220771,2
P220779,2
P220783,2
P220790,2
P220797,2
P220800,2
P220801,2
P210790,2
P220732,2
P206063,2
P206064,2
P206066,2
P206073,2
P206078,2
P233165,2
P220816,2
P210722,2
P210726,2
P210738,2
P220762,2
P233181,2
P233202,2
P233158,2
P206094,2
P206099,2
P206160,2
P233102,2
P233124,2
P233135,2
P233089,2
P233094,2
P206131,2
P220838,2
P220845,2
P220802,2
P220806,2
P206147,2
P206158,2
P233046,2
P233049,2
P233055,2
P233057,2
P233065,2
P233066,2
P233081,2
P206180,2
P233010,2
P220872,2
P220878,2
P210695,2
P210696,2
P210701,2
P210705,2
P210707,2
P210711,2
P210747,2
P210748,2
P220822,2
P233037,2
P233043,2
P232991,2
P232998,2
P206163,2
P206170,2
P206174,2
P206176,2
P232953,2
P232954,2
P220859,2
P220863,2
P220869,2
P232970,2
P232990,2
P206219,2
P232917,2
P232918,2
P232924,2
P232947,2
P232948,2
P232899,2
P232908,2
P210662,2
P210663,2
P210666,2
P210669,2
P210714,2
P210719,2
P220883,2
P206202,2
P206203,2
P206209,2
P232860,2
P232867,2
P232868,2
P232869,2
P232875,2
P220965,2
P220968,2
P220978,2
P220919,2
P220926,2
P220930,2
P232887,2
P232892,2
P206240,2
P206243,2
P206244,2
P232827,2
P232840,2
P232846,2
P232850,2
P232857,2
P232810,2
P232812,2
P220999,2
P221008,2
P221013,2
P221017,2
P210677,2
P210691,2
P206238,2
P206277,2
P232768,2
P232794,2
P232797,2
P232764,2
P206246,2
P221061,2
P206265,2
P206275,2
P232712,2
P232716,2
P232719,2
P232721,2
P232723,2
P232736,2
P232697,2
P232700,2
P206278,2
P206283,2
P206300,2
P232611,2
P232614,2
P232617,2
P210637,2
P221039,2
P221045,2
P232630,2
P232636,2
P206339,2
P232567,2
P232568,2
P232570,2
P232571,2
P232592,2
P232557,2
P232559,2
P206320,2
P206327,2
P232518,2
P232521,2
P221091,2
P221106,2
P221112,2
P221068,2
P221072,2
P221077,2
P221079,2
P232523,2
P232531,2
P232541,2
P232463,2
P232469,2
P232474,2
P232477,2
P232492,2
P232502,2
P232503,2
P232421,2
P232438,2
P221140,2
P221150,2
P221152,2
P221153,2
P221164,2
P210657,2
P221080,2
P221083,2
P232454,2
P232456,2
P206371,2
P232391,2
P210615,2
P221119,2
P221128,2
P232397,2
P232398,2
P232406,2
P232408,2
P232358,2
P232359,2
P232369,2
P206345,2
P206351,2
P206357,2
P206364,2
P206406,2
P232313,2
P232315,2
P232323,2
P232326,2
P221214,2
P221219,2
P221220,2
P221186,2
P232291,2
P206375,2
P206377,2
P232241,2
P232244,2
P232256,2
P232262,2
P232272,2
P232284,2
P206444,2
P206445,2
P206446,2
P232207,2
P221245,2
P210623,2
P221197,2
P221199,2
P232212,2
P232225,2
P232228,2
P232193,2
P232205,2
P206436,2
P206438,2
P206442,2
P232161,2
P210557,2
P210558,2
P210559,2
P221236,2
P221244,2
P232173,2
P232177,2
P232179,2
P232115,2
P232116,2
P232071,2
P232079,2
P232031,2
P232038,2
P232023,2
P221298,2
P221307,2
P221309,2
P210552,2
P232029,2
P206450,2
P206461,2
P206493,2
P206499,2
P206504,2
P231953,2
P231960,2
P231974,2
P231979,2
P231983,2
P231986,2
P231908,2
P231915,2
P231917,2
P231924,2
P221352,2
P221280,2
P221291,2
P231926,2
P231940,2
P231943,2
P231879,2
P231897,2
P231901,2
P231902,2
P231869,2
P231871,2
P210535,2
P221320,2
P221322,2
P206524,2
P231847,2
P231790,2
P206557,2
P206567,2
P231755,2
P231760,2
P231764,2
P231768,2
P231774,2
P231782,2
P206605,2
P231715,2
P231721,2
P221385,2
P221392,2
P221400,2
P221402,2
P221405,2
P221366,2
P231734,2
P231736,2
P231748,2
P231749,2
P231752,2
P231666,2
P231667,2
P231668,2
P210498,2
P221370,2
P221375,2
P221383,2
P231686,2
P231689,2
P231629,2
P231631,2
P231644,2
P231657,2
P231660,2
P206625,2
P206630,2
P231602,2
P231604,2
P231613,2
P231620,2
P231579,2
P231582,2
P231586,2
P231589,2
P221443,2
P221450,2
P221451,2
P221457,2
P221464,2
P221416,2
P221422,2
P221424,2
P206610,2
P206612,2
P206613,2
P231559,2
P221481,2
P221483,2
P221491,2
P221492,2
P210506,2
P210508,2
P221435,2
P221441,2
P231562,2
P231564,2
P231565,2
P206647,2
P206653,2
P231509,2
P231516,2
P231519,2
P231530,2
P231488,2
P221518,2
P221470,2
P221471,2
P206635,2
P206639,2
P206640,2
P206644,2
P206645,2
P231444,2
P231458,2
P231461,2
P231469,2
P231471,2
P231477,2
P231478,2
P231395,2
P231403,2
P231404,2
P231408,2
P221529,2
P221530,2
P221535,2
P221545,2
P221551,2
P221556,2
P221505,2
P221514,2
P231417,2
P206696,2
P231362,2
P231365,2
P231368,2
P221575,2
P221576,2
P221585,2
P221593,2
P210486,2
P210487,2
P221520,2
P221523,2
P221528,2
P231379,2
P231385,2
P231386,2
P231352,2
P210437,2
P210440,2
P210444,2
P210447,2
P221557,2
P206663,2
P206671,2
P206737,2
P231310,2
P231322,2
P231325,2
P231334,2
P231339,2
P231343,2
P231285,2
P231293,2
P206704,2
P221642,2
P221596,2
P221602,2
P221613,2
P206710,2
P206715,2
P206719,2
P206725,2
P206726,2
P231244,2
P231254,2
P231255,2
P231260,2
P231272,2
P206771,2
P231210,2
P231213,2
P221670,2
P221671,2
P221677,2
P221682,2
P210462,2
P221627,2
P231229,2
P231196,2
P231207,2
P206741,2
P206744,2
P206746,2
P206747,2
P206760,2
P206766,2
P231157,2
P210418,2
P210426,2
P221649,2
P221653,2
P221655,2
P221662,2
P231174,2
P231189,2
P231117,2
P231146,2
P231090,2
P231092,2
P231099,2
P231102,2
P231104,2
P231107,2
P231113,2
P231077,2
P231080,2
P206775,2
P221739,2
P221748,2
P221715,2
P221716,2
P206776,2
P206796,2
P206798,2
P231049,2
P231051,2
P231053,2
P231060,2
P210378,2
P210383,2
P210385,2
P210387,2
P221718,2
P221727,2
P221736,2
P231061,2
P231073,2
P206833,2
P206834,2
P231014,2
P231023,2
P231036,2
P231037,2
P231002,2
P231004,2
P231005,2
P221798,2
P221773,2
P221774,2
P206816,2
P230961,2
P230968,2
P230992,2
P230993,2
P206866,2
P230915,2
P230917,2
P230928,2
P230934,2
P230938,2
P230943,2
P230888,2
P230899,2
P230906,2
P221845,2
P210390,2
P210391,2
P210401,2
P210404,2
P206846,2
P206859,2
P206861,2
P230845,2
P230859,2
P230865,2
P230868,2
P230871,2
P230875,2
P230836,2
P230837,2
P206868,2
P206874,2
P206876,2
P210370,2
P221810,2
P221813,2
P206885,2
P206898,2
P230796,2
P230825,2
P230753,2
P221893,2
P221871,2
P230759,2
P230767,2
P230711,2
P230739,2
P206900,2
P206902,2
P206907,2
P230691,2
P230695,2
P206977,2
P230627,2
P230635,2
P230617,2
P230619,2
P230620,2
P206934,2
P221934,2
P210316,2
P210320,2
P210373,2
P221875,2
P221882,2
P221888,2
P206957,2
P206958,2
P230583,2
P230596,2
P230599,2
P230607,2
P206996,2
P207008,2
P221946,2
P221960,2
P221924,2
P221928,2
P230534,2
P230558,2
P230567,2
P230504,2
P230505,2
P230509,2
P230517,2
P230519,2
P230521,2
P230532,2
P206984,2
P230466,2
P230475,2
P210285,2
P210292,2
P210333,2
P210339,2
P221936,2
P230451,2
P230453,2
P230462,2
P230465,2
P207009,2
P207015,2
P207020,2
P207030,2
P207034,2
P230429,2
P210264,2
P221980,2
P221983,2
P221987,2
P230442,2
P230444,2
P230445,2
P230447,2
P230382,2
P230384,2
P230396,2
P230397,2
P230412,2
P230368,2
P230370,2
P222055,2
P207042,2
P207050,2
P207062,2
P230325,2
P230326,2
P230342,2
P230360,2
P207087,2
P230286,2
P230294,2
P230298,2
P230303,2
P230312,2
P230271,2
P207070,2
P207074,2
P207078,2
P230222,2
P222078,2
P222097,2
P210266,2
P210277,2
P222027,2
P222044,2
P230244,2
P230252,2
P230253,2
P230212,2
P207090,2
P207092,2
P230169,2
P230173,2
P230175,2
P230185,2
P230189,2
P210228,2
P210234,2
P210236,2
P210245,2
P210247,2
P222062,2
P222063,2
P230199,2
P230200,2
P230141,2
P230166,2
P230106,2
P230111,2
P222140,2
P222106,2
P222120,2
P230112,2
P230120,2
P230125,2
P207138,2
P207139,2
P230090,2
P230093,2
P230099,2
P230038,2
P230052,2
P230070,2
P207122,2
P207124,2
P207136,2
P207183,2
P229994,2
P229995,2
P229998,2
P230000,2
P222209,2
P210251,2
P222132,2
P230015,2
P230018,2
P230032,2
P229985,2
P207154,2
P207157,2
P222244,2
P222254,2
P222272,2
P222158,2
P222166,2
P222167,2
P222170,2
P207166,2
P207176,2
P207179,2
P207181,2
P229943,2
P229948,2
P229955,2
P229962,2
P229968,2
P229969,2
P207199,2
P229898,2
P229903,2
P210203,2
P210217,2
P222229,2
P222236,2
P229917,2
P229928,2
P229930,2
P229866,2
P229873,2
P229888,2
P207184,2
P207185,2
P207195,2
P222307,2
P222280,2
P210190,2
P210196,2
P210200,2
P229839,2
P229842,2
P229843,2
P229845,2
P229814,2
P207214,2
P207221,2
P207223,2
P229778,2
P229785,2
P229790,2
P229792,2
P229793,2
P222332,2
P222339,2
P222345,2
P210223,2
P222287,2
P229801,2
P229811,2
P229737,2
P229745,2
P229746,2
P229753,2
P229767,2
P229774,2
P229716,2
P229717,2
P229730,2
P229731,2
P210169,2
P210170,2
P210171,2
P207241,2
P207247,2
P207249,2
P207257,2
P229671,2
P229672,2
P229678,2
P229689,2
P229698,2
P229702,2
P229703,2
P229704,2
P229712,2
P207297,2
P229632,2
P229641,2
P222386,2
P222393,2
P229657,2
P229665,2
P229666,2
P229667,2
P229610,2
P229623,2
P229630,2
P207269,2
P210144,2
P210149,2
P210188,2
P207282,2
P207286,2
P207292,2
P229577,2
P229579,2
P229584,2
P229604,2
P229548,2
P229553,2
P229558,2
P229564,2
P229540,2
P229500,2
P229501,2
P229503,2
P222431,2
P222436,2
P222442,2
P222453,2
P222408,2
P222409,2
P222415,2
P207308,2
P207370,2
P229467,2
P229469,2
P229484,2
P229431,2
P229432,2
P222468,2
P222470,2
P222486,2
P222499,2
P210155,2
P207350,2
P207351,2
P207388,2
P229394,2
P229400,2
P229357,2
P229361,2
P229372,2
P229377,2
P207385,2
P207386,2
P207430,2
P207432,2
P229316,2
P229318,2
P210109,2
P210112,2
P210117,2
P222454,2
P222466,2
P229288,2
P229289,2
P229307,2
P207405,2
P229250,2
P229272,2
P229285,2
P229286,2
P229240,2
P229246,2
P222544,2
P222552,2
P222558,2
P222500,2
P222510,2
P222517,2
P222518,2
P222522,2
P229212,2
P229213,2
P229215,2
P229216,2
P229220,2
P229157,2
P229161,2
P229163,2
P229171,2
P222571,2
P222579,2
P222585,2
P222586,2
P222537,2
P229176,2
P229194,2
P229152,2
P229153,2
P207472,2
P229101,2
P229105,2
P210076,2
P210082,2
P222563,2
P222568,2
P229137,2
P229140,2
P207531,2
P229074,2
P229094,2
P229052,2
P207516,2
P207522,2
P229004,2
P229013,2
P229014,2
P222633,2
P222607,2
P222608,2
P229035,2
P229036,2
P229045,2
P229048,2
P207549,2
P207551,2
P228975,2
P228962,2
P228965,2
P228967,2
P207536,2
P207546,2
P228915,2
P228918,2
P228922,2
P222673,2
P222680,2
P222683,2
P210086,2
P210087,2
P210091,2
P228923,2
P228924,2
P228899,2
P207557,2
P207559,2
P207573,2
P207574,2
P207582,2
P207603,2
P228846,2
P228850,2
P222698,2
P222701,2
P222706,2
P222662,2
P222670,2
P228868,2
P228889,2
P228894,2
P228826,2
P228828,2
P228837,2
P228843,2
P228845,2
P222736,2
P222692,2
P207587,2
P207597,2
P207598,2
P207599,2
P228812,2
P228822,2
P228769,2
P228772,2
P228777,2
P228780,2
P228783,2
P207620,2
P207624,2
P228729,2
P228736,2
P222754,2
P222765,2
P210011,2
P210059,2
P222709,2
P228749,2
P228750,2
P228756,2
P228698,2
P228709,2
P228715,2
P228721,2
P228724,2
P207636,2
P207637,2
P207643,2
P207644,2
P207649,2
P207650,2
P228634,2
P222772,2
P222798,2
P222737,2
P222744,2
P222747,2
P228654,2
P228655,2
P228668,2
P228670,2
P207690,2
P207691,2
P222847,2
P210022,2
P210027,2
P210044,2
P228590,2
P228601,2
P228604,2
P228611,2
P228618,2
P228566,2
P228572,2
P228575,2
P228577,2
P228581,2
P228586,2
P207668,2
P207669,2
P228527,2
P228530,2
P228538,2
P222870,2
P222878,2
P222879,2
P222812,2
P222814,2
P222826,2
P228552,2
P228560,2
P228512,2
P207697,2
P207707,2
P207708,2
P207731,2
P228474,2
P228477,2
P209997,2
P210001,2
P210006,2
P222851,2
P222865,2
P228484,2
P228498,2
P228499,2
P207755,2
P207764,2
P207765,2
P228441,2
P228450,2
P228452,2
P228409,2
P228412,2
P222922,2
P207738,2
P207744,2
P207747,2
P228400,2
P228407,2
P228363,2
P228370,2
P207787,2
P228310,2
P228327,2
P228353,2
P228293,2
P228298,2
P228299,2
P228300,2
P209960,2
P210007,2
P222904,2
P222905,2
P207819,2
P207825,2
P207827,2
P207831,2
P228242,2
P228253,2
P228258,2
P228264,2
P228273,2
P228279,2
P228283,2
P207866,2
P207870,2
P228212,2
P222975,2
P222982,2
P209913,2
P209919,2
P222939,2
P222947,2
P222948,2
P222951,2
P228234,2
P228194,2
P228202,2
P228205,2
P223005,2
P223015,2
P222955,2
P222970,2
P228209,2
P207849,2
P228154,2
P228155,2
P228160,2
P228167,2
P228180,2
P228190,2
P228135,2
P207878,2
P207889,2
P207894,2
P207898,2
P228066,2
P228090,2
P228093,2
P223042,2
P223052,2
P223054,2
P222985,2
P228104,2
P228107,2
P228108,2
P228114,2
P207931,2
P207934,2
P228062,2
P228026,2
P228028,2
P223068,2
P209893,2
P209905,2
P223024,2
P223038,2
P228030,2
P207914,2
P207924,2
P207929,2
P207961,2
P227982,2
P227984,2
P227990,2
P227993,2
P228002,2
P227962,2
P223086,2
P223088,2
P223089,2
P223092,2
P223093,2
P223094,2
P223095,2
P223055,2
P223059,2
P223062,2
P227963,2
P207944,2
P207996,2
P227924,2
P227934,2
P227937,2
P227883,2
P227884,2
P227889,2
P223118,2
P223119,2
P209855,2
P209857,2
P209868,2
P209906,2
P209907,2
P209911,2
P223070,2
P223075,2
P227897,2
P207980,2
P207990,2
P207992,2
P208032,2
P223135,2
P223147,2
P223096,2
P227855,2
P227856,2
P227866,2
P227881,2
P227882,2
P227814,2
P227825,2
P227849,2
P208025,2
P208056,2
P227785,2
P223173,2
P223185,2
P223187,2
P209875,2
P223130,2
P227796,2
P227799,2
P227769,2
P227771,2
P227775,2
P227776,2
P227780,2
P208045,2
P227749,2
P208067,2
P208070,2
P223208,2
P223215,2
P223232,2
P223161,2
P223162,2
P223167,2
P208084,2
P208086,2
P208088,2
P208094,2
P208097,2
P227706,2
P227708,2
P227712,2
P227714,2
P227723,2
P227726,2
P223251,2
P223255,2
P223260,2
P223199,2
P223202,2
P223206,2
P227740,2
P227742,2
P227661,2
P227669,2
P227677,2
P227692,2
P227694,2
P227696,2
P227700,2
P208133,2
P227632,2
P209813,2
P209821,2
P223241,2
P223247,2
P227634,2
P227650,2
P227612,2
P227615,2
P227618,2
P208101,2
P208113,2
P208116,2
P208122,2
P227565,2
P227573,2
P227574,2
P223298,2
P223308,2
P223321,2
P223323,2
P223331,2
P223265,2
P209810,2
P227578,2
P227589,2
P208165,2
P227530,2
P227531,2
P209775,2
P209776,2
P209779,2
P209785,2
P209837,2
P209838,2
P223277,2
P223281,2
P223294,2
P227546,2
P227551,2
P227560,2
P227509,2
P227518,2
P227521,2
P227524,2
P208151,2
P227475,2
P227478,2
P227483,2
P227486,2
P223377,2
P223385,2
P223391,2
P223345,2
P223347,2
P227490,2
P227492,2
P227500,2
P208190,2
P208192,2
P227445,2
P223421,2
P209740,2
P209742,2
P209743,2
P209761,2
P209786,2
P223361,2
P223362,2
P227451,2
P227474,2
P227424,2
P227428,2
P208175,2
P208182,2
P208209,2
P208214,2
P208220,2
P208223,2
P223437,2
P223443,2
P223457,2
P223399,2
P223402,2
P227392,2
P227351,2
P227354,2
P227359,2
P227364,2
P227365,2
P227366,2
P227369,2
P208201,2
P208208,2
P208267,2
P223475,2
P223481,2
P223484,2
P223488,2
P209766,2
P223423,2
P223425,2
P223426,2
P223427,2
P227321,2
P227339,2
P227313,2
P208250,2
P208254,2
P208263,2
P227255,2
P209713,2
P223462,2
P223463,2
P223464,2
P223474,2
P227275,2
P227276,2
P227277,2
P227278,2
P227279,2
P208300,2
P227224,2
P227230,2
P227235,2
P227191,2
P227196,2
P227203,2
P223542,2
P223544,2
P223545,2
P223500,2
P223501,2
P223511,2
P223513,2
P223523,2
P208276,2
P208280,2
P208281,2
P208288,2
P208292,2
P208293,2
P227156,2
P227161,2
P227164,2
P209677,2
P209681,2
P209733,2
P209734,2
P227166,2
P227177,2
P227136,2
P227149,2
P227152,2
P208312,2
P208323,2
P208324,2
P208325,2
P227076,2
P227087,2
P223603,2
P223556,2
P227089,2
P227100,2
P227113,2
P227045,2
P208356,2
P227009,2
P227011,2
P227015,2
P227023,2
P226990,2
P208338,2
P208342,2
P208346,2
P208349,2
P208352,2
P208387,2
P226948,2
P209690,2
P209695,2
P226953,2
P226954,2
P226959,2
P226964,2
P226970,2
P226976,2
P226933,2
P226935,2
P208362,2
P208366,2
P223671,2
P223677,2
P223681,2
P223683,2
P208376,2
P208379,2
P208380,2
P226877,2
P226889,2
P226914,2
P208424,2
P208427,2
P226850,2
P226857,2
P226858,2
P226859,2
P226862,2
P226870,2
P226828,2
P223696,2
P223697,2
P223702,2
P223707,2
P223709,2
P223652,2
P223653,2
P223655,2
P223658,2
P208397,2
P208401,2
P208461,2
P226794,2
P223752,2
P223756,2
P223765,2
P223684,2
P223691,2
P223694,2
P226802,2
P226804,2
P226807,2
P226811,2
P226769,2
P208438,2
P208447,2
P208448,2
P208451,2
P208459,2
P226724,2
P226727,2
P226730,2
P209595,2
P209605,2
P209609,2
P223740,2
P226763,2
P208483,2
P208484,2
P226696,2
P226704,2
P226710,2
P208513,2
P208516,2
P226640,2
P223808,2
P223809,2
P223810,2
P226646,2
P208471,2
P208474,2
P226617,2
P226622,2
P226623,2
P226626,2
P226631,2
P208493,2
P208495,2
P208505,2
P208552,2
P226601,2
P223845,2
P223847,2
P223849,2
P223853,2
P223854,2
P223857,2
P209623,2
P223794,2
P223802,2
P226573,2
P226579,2
P226580,2
P226582,2
P208537,2
P208549,2
P208551,2
P226520,2
P226525,2
P226527,2
P209572,2
P209575,2
P209577,2
P209578,2
P223829,2
P223830,2
P223833,2
P223836,2
P226534,2
P226553,2
P226563,2
P226517,2
P223928,2
P223935,2
P223874,2
P223882,2
P208567,2
P226467,2
P226469,2
P226479,2
P226484,2
P226490,2
P208624,2
P226425,2
P226427,2
P226428,2
P226441,2
P226453,2
P226418,2
P209540,2
P223900,2
P223904,2
P223905,2
P208592,2
P208601,2
P208604,2
P208616,2
P226365,2
P226366,2
P226373,2
P226374,2
P226376,2
P208655,2
P223958,2
P223964,2
P223937,2
P223938,2
P209537,2
P226349,2
P226350,2
P226310,2
P226312,2
P208635,2
P208649,2
P208650,2
P208651,2
P208653,2
P226264,2
P226287,2
P208674,2
P208685,2
P224001,2
P224011,2
P224017,2
P224029,2
P209559,2
P209564,2
P223950,2
P226226,2
P226239,2
P226241,2
P226248,2
P226250,2
P226199,2
P226207,2
P224053,2
P224060,2
P224063,2
P224070,2
P223989,2
P223992,2
P226220,2
P208664,2
P226159,2
P226194,2
P208706,2
P208714,2
P208715,2
P226132,2
P226150,2
P226152,2
P226155,2
P226156,2
P226157,2
P226095,2
P226111,2
P226113,2
P226117,2
P226118,2
P209515,2
P209527,2
P224031,2
P224039,2
P224043,2
P208687,2
P208694,2
P208704,2
P208705,2
P208741,2
P208749,2
P224110,2
P224078,2
P226076,2
P226088,2
P226057,2
P208722,2
P208732,2
P208738,2
P208787,2
P226004,2
P226012,2
P226019,2
P226035,2
P226038,2
P225977,2
P225979,2
P225985,2
P224125,2
P224131,2
P224080,2
P224082,2
P208765,2
P225941,2
P225943,2
P225961,2
P225972,2
P225975,2
P225923,2
P225935,2
P208796,2
P208801,2
P208805,2
P209486,2
P209502,2
P224121,2
P225902,2
P225906,2
P225866,2
P225875,2
P225877,2
P208820,2
P208823,2
P208845,2
P208846,2
P208872,2
P225817,2
P225823,2
P224192,2
P224166,2
P209453,2
P225824,2
P225839,2
P225850,2
P225804,2
P208855,2
P208868,2
P225753,2
P225756,2
P225762,2
P225765,2
P225702,2
P209435,2
P209438,2
P209504,2
P224172,2
P225715,2
P225720,2
P225723,2
P225728,2
P225680,2
P225692,2
P225698,2
P208882,2
P208885,2
P208892,2
P208899,2
P225644,2
P224240,2
P224245,2
P224270,2
P224225,2
P224227,2
P224231,2
P208946,2
P225592,2
P225602,2
P225575,2
P208905,2
P208920,2
P208924,2
P208933,2
P208977,2
P225544,2
P209398,2
P209407,2
P209442,2
P209443,2
P209448,2
P224238,2
P225552,2
P225553,2
P225556,2
P225524,2
P225531,2
P225532,2
P208947,2
P208948,2
P208957,2
P208973,2
P224300,2
P224302,2
P224303,2
P224315,2
P225454,2
P225456,2
P225460,2
P225464,2
P225465,2
P208983,2
P208985,2
P208990,2
P225416,2
P225421,2
P225426,2
P225437,2
P225440,2
P225450,2
P209028,2
P225388,2
P225392,2
P224357,2
P224377,2
P225395,2
P225399,2
P225401,2
P225367,2
P225368,2
P225379,2
P225381,2
P225382,2
P225332,2
P225336,2
P225339,2
P209362,2
P209369,2
P209373,2
P224330,2
P224351,2
P225347,2
P225358,2
P209072,2
P225308,2
P225322,2
P225324,2
P225328,2
P225290,2
P225294,2
P209041,2
P224428,2
P224381,2
P224391,2
P225259,2
P225273,2
P225276,2
P225194,2
P225203,2
P225209,2
P225212,2
P225217,2
P225229,2
P225230,2
P225241,2
P209074,2
P224480,2
P224488,2
P209386,2
P224411,2
P224414,2
P209085,2
P209089,2
P209091,2
P209094,2
P209096,2
P209098,2
P225118,2
P225132,2
P225136,2
P225143,2
P225167,2
P225177,2
P225185,2
P209123,2
P209124,2
P209131,2
P209333,2
P209334,2
P209336,2
P209339,2
P209347,2
P224448,2
P225093,2
P225094,2
P225117,2
P209109,2
P209112,2
P209121,2
P209122,2
P225035,2
P225042,2
P224531,2
P209304,2
P224502,2
P224505,2
P224510,2
P225050,2
P225053,2
P225061,2
P225015,2
P225019,2
P209139,2
P209154,2
P209160,2
P224987,2
P209332,2
P224548,2
P224549,2
P224553,2
P224568,2
P224512,2
P224998,2
P225000,2
P225012,2
P224942,2
P224966,2
P224970,2
P209182,2
P209186,2
P209192,2
P224592,2
P224594,2
P224596,2
P224597,2
P224601,2
P224603,2
P209325,2
P224923,2
P224869,2
P224885,2
P224893,2
P224897,2
P209164,2
P209225,2
P224839,2
P224632,2
P224634,2
P224644,2
P224646,2
P224581,2
P224584,2
P224844,2
P224849,2
P224833,2
P209193,2
P209212,2
P209215,2
P209220,2
P209221,2
P224791,2
P224793,2
P224796,2
P224662,2
P209270,2
P224630,2
P224802,2
P224816,2
P209247,2
P209252,2
P224757,2
P224759,2
P224783,2
P224744,2
P224749,2
P209233,2
P209236,2
P209238,2
P224698,2
P224701,2
P224704,2
P224685,2
P224688,2
P224691,2
P224648,2
P224652,2
P224713,2
P224717,2
P224726,2
P224729,2
P213508,2
P213510,2
P200056,2
P200026,2
P200015,2
P200011,2
P200005,2
P200003,2
P249968,1
P200001,1
P213533,1
P213538,1
P213544,1
P213546,1
P213550,1
P249916,1
P249917,1
P249918,1
P249922,1
P249927,1
P200025,1
P249900,1
P249902,1
P249905,1
P249910,1
P249915,1
P224727,1
P224732,1
P224733,1
P209294,1
P209299,1
P209302,1
P224666,1
P224673,1
P224675,1
P224677,1
P200000,1
P249989,1
P249990,1
P249991,1
P249999,1
P213500,1
P224703,1
P224708,1
P224709,1
P224678,1
P224680,1
P224683,1
P224687,1
P224689,1
P224692,1
P224651,1
P224654,1
P224656,1
P224658,1
P224659,1
P224711,1
P224720,1
P224771,1
P224776,1
P224780,1
P224789,1
P224736,1
P224740,1
P224742,1
P224746,1
P209227,1
P209229,1
P209231,1
P209235,1
P209241,1
P209243,1
P209245,1
P224702,1
P224618,1
P224626,1
P224806,1
P224810,1
P224811,1
P224814,1
P224815,1
P224817,1
P224818,1
P209253,1
P224754,1
P224755,1
P224756,1
P224762,1
P224766,1
P224769,1
P209218,1
P224790,1
P224792,1
P224798,1
P224800,1
P209256,1
P209260,1
P209269,1
P209271,1
P209275,1
P209280,1
P209291,1
P224611,1
P224613,1
P224615,1
P224616,1
P224845,1
P224850,1
P224852,1
P224854,1
P224860,1
P224861,1
P224862,1
P224819,1
P224822,1
P224825,1
P224830,1
P224834,1
P224835,1
P224836,1
P209200,1
P209201,1
P209177,1
P209223,1
P209224,1
P209226,1
P224841,1
P224843,1
P224633,1
P224636,1
P224640,1
P224643,1
P224647,1
P224575,1
P224576,1
P224585,1
P224588,1
P224591,1
P224916,1
P224919,1
P224925,1
P224934,1
P224936,1
P224937,1
P224868,1
P224870,1
P224874,1
P224875,1
P224879,1
P224889,1
P224899,1
P209167,1
P209170,1
P209173,1
P224983,1
P209179,1
P209180,1
P209185,1
P224905,1
P224598,1
P224609,1
P224610,1
P209306,1
P209307,1
P209310,1
P209312,1
P209316,1
P209323,1
P224907,1
P224911,1
P225004,1
P225006,1
P225008,1
P225010,1
P224939,1
P224940,1
P224941,1
P224949,1
P224951,1
P224953,1
P224959,1
P224964,1
P224971,1
P224974,1
P224976,1
P224978,1
P224989,1
P224990,1
P224996,1
P224997,1
P209328,1
P224552,1
P224571,1
P224574,1
P209356,1
P209357,1
P209361,1
P224517,1
P224520,1
P224524,1
P225001,1
P225002,1
P225057,1
P225058,1
P225062,1
P225016,1
P225022,1
P209142,1
P209143,1
P209144,1
P209147,1
P209151,1
P209152,1
P209153,1
P209156,1
P209159,1
P224984,1
P224985,1
P225036,1
P225040,1
P224527,1
P224535,1
P224538,1
P224539,1
P224541,1
P209303,1
P209305,1
P224501,1
P224504,1
P224508,1
P224509,1
P225047,1
P225048,1
P225049,1
P225114,1
P225065,1
P225067,1
P225068,1
P225069,1
P225070,1
P225072,1
P225078,1
P225080,1
P225081,1
P209115,1
P209116,1
P209119,1
P209161,1
P225028,1
P225030,1
P225091,1
P209337,1
P209341,1
P209350,1
P209355,1
P224443,1
P224449,1
P224454,1
P224462,1
P224464,1
P224467,1
P225095,1
P225097,1
P225105,1
P225109,1
P225112,1
P224409,1
P209092,1
P209097,1
P209103,1
P225119,1
P225120,1
P225127,1
P225149,1
P225152,1
P225156,1
P225158,1
P225176,1
P225178,1
P209132,1
P209136,1
P225090,1
P225189,1
P225190,1
P209077,1
P209078,1
P209079,1
P209081,1
P224475,1
P224476,1
P224489,1
P224490,1
P224495,1
P224496,1
P224498,1
P209380,1
P209387,1
P224408,1
P225262,1
P225266,1
P225268,1
P225270,1
P225272,1
P225274,1
P225279,1
P225280,1
P209107,1
P225206,1
P225207,1
P225226,1
P225233,1
P225235,1
P225236,1
P225245,1
P224396,1
P224398,1
P209044,1
P209045,1
P209048,1
P209049,1
P209052,1
P209056,1
P209063,1
P209064,1
P209065,1
P225247,1
P225249,1
P225256,1
P225257,1
P225258,1
P225320,1
P225281,1
P225292,1
P225297,1
P209042,1
P224416,1
P224419,1
P224427,1
P224431,1
P224435,1
P224437,1
P224438,1
P224440,1
P224379,1
P224394,1
P224395,1
P225346,1
P225350,1
P225355,1
P225360,1
P225362,1
P225363,1
P209068,1
P209070,1
P209071,1
P225299,1
P225300,1
P225302,1
P225305,1
P225313,1
P225314,1
P225319,1
P225334,1
P225335,1
P225337,1
P225343,1
P209366,1
P209370,1
P209371,1
P209374,1
P209376,1
P209379,1
P224325,1
P224329,1
P224331,1
P224333,1
P224335,1
P225344,1
P225397,1
P225398,1
P225409,1
P225412,1
P225414,1
P225366,1
P225371,1
P225373,1
P225386,1
P209007,1
P209009,1
P209010,1
P209013,1
P209014,1
P209015,1
P209027,1
P225390,1
P224354,1
P224356,1
P224358,1
P224360,1
P224365,1
P224372,1
P224373,1
P209408,1
P209409,1
P209413,1
P209418,1
P209419,1
P224296,1
P224297,1
P225393,1
P208982,1
P208984,1
P208989,1
P225423,1
P225427,1
P225428,1
P225429,1
P225430,1
P225435,1
P225443,1
P225444,1
P225451,1
P225452,1
P209034,1
P209037,1
P225387,1
P224286,1
P224288,1
P225485,1
P225489,1
P225490,1
P225492,1
P225496,1
P225498,1
P225499,1
P225504,1
P225508,1
P225467,1
P225470,1
P225471,1
P225472,1
P208981,1
P209005,1
P209006,1
P225475,1
P225476,1
P225480,1
P225482,1
P224311,1
P224316,1
P224317,1
P224320,1
P224321,1
P224271,1
P224272,1
P224275,1
P224279,1
P224285,1
P225555,1
P225559,1
P225560,1
P225562,1
P225564,1
P225565,1
P225509,1
P225511,1
P225514,1
P225526,1
P225527,1
P208951,1
P208960,1
P208968,1
P208969,1
P208998,1
P208940,1
P208976,1
P225534,1
P225539,1
P225547,1
P225549,1
P224291,1
P224295,1
P209392,1
P209397,1
P209400,1
P209401,1
P209404,1
P209440,1
P209441,1
P209449,1
P225604,1
P225606,1
P225607,1
P225609,1
P225617,1
P225628,1
P225573,1
P225579,1
P225582,1
P225585,1
P225586,1
P208906,1
P208916,1
P208922,1
P208928,1
P208937,1
P225656,1
P225658,1
P225660,1
P225663,1
P225664,1
P225667,1
P225671,1
P225672,1
P225673,1
P208942,1
P208944,1
P225590,1
P225591,1
P225594,1
P225598,1
P225601,1
P225633,1
P225637,1
P225638,1
P225639,1
P225646,1
P225654,1
P224241,1
P224242,1
P224243,1
P224246,1
P224250,1
P224253,1
P224224,1
P224226,1
P224229,1
P224233,1
P224189,1
P224191,1
P225719,1
P225724,1
P225729,1
P225730,1
P225733,1
P225677,1
P225678,1
P225679,1
P225682,1
P225695,1
P225699,1
P208878,1
P208888,1
P208890,1
P208903,1
P208904,1
P225705,1
P225708,1
P225711,1
P225712,1
P209422,1
P209426,1
P209427,1
P209429,1
P209431,1
P209433,1
P209439,1
P224169,1
P224180,1
P224181,1
P208866,1
P208867,1
P208869,1
P208871,1
P225734,1
P225736,1
P225741,1
P225744,1
P225745,1
P225748,1
P225755,1
P225774,1
P225778,1
P225780,1
P225784,1
P225786,1
P209457,1
P225832,1
P225837,1
P225842,1
P225853,1
P225856,1
P225861,1
P225788,1
P225793,1
P225801,1
P225808,1
P208851,1
P208853,1
P208856,1
P208858,1
P208861,1
P208876,1
P225809,1
P225821,1
P225822,1
P224193,1
P224195,1
P224198,1
P224209,1
P224211,1
P224214,1
P224216,1
P224218,1
P224152,1
P224160,1
P224162,1
P209456,1
P225898,1
P225899,1
P225901,1
P225903,1
P225910,1
P225911,1
P225914,1
P225864,1
P225874,1
P225881,1
P208833,1
P208835,1
P208837,1
P208839,1
P208843,1
P208847,1
P225888,1
P225895,1
P225897,1
P209464,1
P209477,1
P209479,1
P209485,1
P209487,1
P209498,1
P209500,1
P224111,1
P224117,1
P224118,1
P224120,1
P224122,1
P224124,1
P225966,1
P225918,1
P225920,1
P225924,1
P225927,1
P225928,1
P225931,1
P208794,1
P208802,1
P208803,1
P208806,1
P208807,1
P208849,1
P225882,1
P225883,1
P225887,1
P208762,1
P208763,1
P208773,1
P208775,1
P208778,1
P208779,1
P208810,1
P208812,1
P208814,1
P208819,1
P225939,1
P225951,1
P225957,1
P225958,1
P225960,1
P225963,1
P225998,1
P226003,1
P224129,1
P224130,1
P224133,1
P224137,1
P224139,1
P224148,1
P224150,1
P209532,1
P224081,1
P224083,1
P224086,1
P224087,1
P208752,1
P208757,1
P208729,1
P208730,1
P208734,1
P208739,1
P226006,1
P226009,1
P226022,1
P226030,1
P226032,1
P226033,1
P226036,1
P226037,1
P226039,1
P226043,1
P225978,1
P225989,1
P209513,1
P226080,1
P226084,1
P226089,1
P226091,1
P226092,1
P226093,1
P226094,1
P226048,1
P226052,1
P226056,1
P226066,1
P208718,1
P208719,1
P208723,1
P208727,1
P226069,1
P226073,1
P226074,1
P224091,1
P224092,1
P224093,1
P224100,1
P224101,1
P224106,1
P224108,1
P224109,1
P224073,1
P224074,1
P224077,1
P224079,1
P209509,1
P209521,1
P209524,1
P209525,1
P209528,1
P209531,1
P224037,1
P224041,1
P224042,1
P224046,1
P226121,1
P208689,1
P208692,1
P208697,1
P208699,1
P208743,1
P208747,1
P226185,1
P226187,1
P226188,1
P226195,1
P226198,1
P226131,1
P226133,1
P226137,1
P226138,1
P226149,1
P226151,1
P226153,1
P226102,1
P226104,1
P209514,1
P209519,1
P226215,1
P226216,1
P226218,1
P226221,1
P208659,1
P208661,1
P208669,1
P226163,1
P226165,1
P226167,1
P226169,1
P226171,1
P226173,1
P226174,1
P226175,1
P226176,1
P226256,1
P226203,1
P226204,1
P226208,1
P226209,1
P226214,1
P224048,1
P224050,1
P224057,1
P224061,1
P224072,1
P223988,1
P223993,1
P223995,1
P223998,1
P223999,1
P208673,1
P208675,1
P208678,1
P208686,1
P224003,1
P224004,1
P224014,1
P224026,1
P224027,1
P223951,1
P223953,1
P223954,1
P223955,1
P226230,1
P226238,1
P226246,1
P208647,1
P226257,1
P226259,1
P226263,1
P226265,1
P226272,1
P226274,1
P226277,1
P226279,1
P226281,1
P226284,1
P226285,1
P226290,1
P226295,1
P226302,1
P208672,1
P209534,1
P226352,1
P226353,1
P226354,1
P226356,1
P226358,1
P226360,1
P226362,1
P226304,1
P226305,1
P226306,1
P208628,1
P208632,1
P208637,1
P208638,1
P208642,1
P208656,1
P226313,1
P226321,1
P226337,1
P226340,1
P226345,1
P223961,1
P223965,1
P223966,1
P223978,1
P223982,1
P223983,1
P223987,1
P223940,1
P223942,1
P223948,1
P208594,1
P208599,1
P208608,1
P208611,1
P208622,1
P226363,1
P226369,1
P226372,1
P226378,1
P226382,1
P226384,1
P226386,1
P226392,1
P226399,1
P226400,1
P226406,1
P226411,1
P226412,1
P226416,1
P226419,1
P209542,1
P209545,1
P209547,1
P209549,1
P209550,1
P209551,1
P209552,1
P209554,1
P209588,1
P223889,1
P223893,1
P223903,1
P226499,1
P226503,1
P226505,1
P226508,1
P208627,1
P226420,1
P226429,1
P226433,1
P226439,1
P226440,1
P226442,1
P226444,1
P226447,1
P226448,1
P226407,1
P226409,1
P209567,1
P208560,1
P208565,1
P208568,1
P208570,1
P208571,1
P208574,1
P208575,1
P208578,1
P226454,1
P226465,1
P226468,1
P226471,1
P226474,1
P226480,1
P226483,1
P226510,1
P226513,1
P226515,1
P208556,1
P208559,1
P223914,1
P223915,1
P223916,1
P223918,1
P223922,1
P223923,1
P223931,1
P223872,1
P223877,1
P223878,1
P209565,1
P226533,1
P209568,1
P209570,1
P209574,1
P209583,1
P209586,1
P223824,1
P223825,1
P223840,1
P226544,1
P226545,1
P226549,1
P226560,1
P226564,1
P226567,1
P226509,1
P226609,1
P226610,1
P226611,1
P226612,1
P226568,1
P226574,1
P226581,1
P208528,1
P208532,1
P208534,1
P208540,1
P208541,1
P208544,1
P208580,1
P226528,1
P226531,1
P226583,1
P226585,1
P226595,1
P226600,1
P223848,1
P223860,1
P223867,1
P209614,1
P209622,1
P223793,1
P223801,1
P226603,1
P226604,1
P226605,1
P226607,1
P226608,1
P209591,1
P226644,1
P226645,1
P226662,1
P226674,1
P208467,1
P208470,1
P226614,1
P226616,1
P226619,1
P226620,1
P226633,1
P208497,1
P208502,1
P208508,1
P208553,1
P208512,1
P208515,1
P226636,1
P226643,1
P223806,1
P223812,1
P223815,1
P223818,1
P223819,1
P223820,1
P223775,1
P223777,1
P223781,1
P223783,1
P223784,1
P223792,1
P226742,1
P226754,1
P226755,1
P226759,1
P226761,1
P208479,1
P208487,1
P208488,1
P208491,1
P226680,1
P226692,1
P226699,1
P226702,1
P226703,1
P226707,1
P226716,1
P226725,1
P209593,1
P209599,1
P209603,1
P209604,1
P209610,1
P209612,1
P223725,1
P223728,1
P223730,1
P223732,1
P223735,1
P223736,1
P226731,1
P226733,1
P226740,1
P226810,1
P226813,1
P226814,1
P226764,1
P226765,1
P226770,1
P208432,1
P208433,1
P208434,1
P208439,1
P208442,1
P208446,1
P208455,1
P226718,1
P226719,1
P226722,1
P226777,1
P226782,1
P226790,1
P226793,1
P223748,1
P223758,1
P223759,1
P223769,1
P223771,1
P223774,1
P223685,1
P223687,1
P223689,1
P223693,1
P226796,1
P226805,1
P226832,1
P223695,1
P223704,1
P223710,1
P223720,1
P209653,1
P209658,1
P223656,1
P226833,1
P226834,1
P208391,1
P208396,1
P208403,1
P208406,1
P208407,1
P226776,1
P226923,1
P226924,1
P226927,1
P208421,1
P208422,1
P226838,1
P226839,1
P226843,1
P226848,1
P226851,1
P226852,1
P226817,1
P226820,1
P226822,1
P226823,1
P226826,1
P208368,1
P208371,1
P208373,1
P208374,1
P208377,1
P208384,1
P226875,1
P226880,1
P226887,1
P226896,1
P226901,1
P226902,1
P226903,1
P226904,1
P226920,1
P226921,1
P226972,1
P226929,1
P226934,1
P208360,1
P223659,1
P223661,1
P223664,1
P223667,1
P223670,1
P223622,1
P223625,1
P223629,1
P223631,1
P223632,1
P223633,1
P223639,1
P223641,1
P223647,1
P223648,1
P223651,1
P209625,1
P209627,1
P209641,1
P209643,1
P209646,1
P209689,1
P209693,1
P209698,1
P223583,1
P223584,1
P226957,1
P226968,1
P227026,1
P226981,1
P226982,1
P226983,1
P226986,1
P226988,1
P226989,1
P208331,1
P208336,1
P208337,1
P208340,1
P226940,1
P226941,1
P226942,1
P226951,1
P226952,1
P227058,1
P227061,1
P227064,1
P227065,1
P227066,1
P227074,1
P208353,1
P226991,1
P226992,1
P226994,1
P226997,1
P227002,1
P227004,1
P227013,1
P227014,1
P227018,1
P223573,1
P227091,1
P227097,1
P227103,1
P227108,1
P227114,1
P227115,1
P227027,1
P227029,1
P227030,1
P227039,1
P227040,1
P227044,1
P227046,1
P227055,1
P227057,1
P227082,1
P227083,1
P227088,1
P223586,1
P223587,1
P223596,1
P223597,1
P223609,1
P223612,1
P223613,1
P223621,1
P223558,1
P223562,1
P223569,1
P223571,1
P223572,1
P227147,1
P227153,1
P227116,1
P227118,1
P227120,1
P208303,1
P208307,1
P208308,1
P208310,1
P208313,1
P208318,1
P208319,1
P208320,1
P208321,1
P227079,1
P227080,1
P227175,1
P227180,1
P227182,1
P227186,1
P227188,1
P208327,1
P227124,1
P227129,1
P227130,1
P227134,1
P227135,1
P227139,1
P227143,1
P227144,1
P227145,1
P227146,1
P227160,1
P227163,1
P223577,1
P209659,1
P209663,1
P209664,1
P209673,1
P209674,1
P209688,1
P209726,1
P209729,1
P223527,1
P223528,1
P223534,1
P227170,1
P227172,1
P227193,1
P227195,1
P227198,1
P223536,1
P223539,1
P223540,1
P223543,1
P223549,1
P223555,1
P223502,1
P223507,1
P208282,1
P208290,1
P208299,1
P227154,1
P227158,1
P227272,1
P227274,1
P227281,1
P227204,1
P227209,1
P227213,1
P227219,1
P227220,1
P227222,1
P227226,1
P227228,1
P227231,1
P227238,1
P227240,1
P227241,1
P227192,1
P227245,1
P227246,1
P227251,1
P227262,1
P223524,1
P223526,1
P209704,1
P209708,1
P209714,1
P209715,1
P209716,1
P209723,1
P223465,1
P223472,1
P223473,1
P227268,1
P227341,1
P227346,1
P227284,1
P227289,1
P227290,1
P227296,1
P227301,1
P227307,1
P208232,1
P208233,1
P208234,1
P208242,1
P208255,1
P208259,1
P227243,1
P227244,1
P227314,1
P227318,1
P227319,1
P227320,1
P223476,1
P223477,1
P223480,1
P223490,1
P223497,1
P209770,1
P209771,1
P227322,1
P227330,1
P227332,1
P227337,1
P227340,1
P227375,1
P227377,1
P227382,1
P227391,1
P227394,1
P227406,1
P227407,1
P227347,1
P227350,1
P227353,1
P227361,1
P208203,1
P208205,1
P208207,1
P208268,1
P208269,1
P208174,1
P208212,1
P208226,1
P227371,1
P223430,1
P223440,1
P223449,1
P223452,1
P223453,1
P223461,1
P223406,1
P223414,1
P223417,1
P223419,1
P223420,1
P227374,1
P227460,1
P227461,1
P227462,1
P227470,1
P227471,1
P227415,1
P227423,1
P227427,1
P227429,1
P227435,1
P227436,1
P227439,1
P227440,1
P208168,1
P208172,1
P208173,1
P227502,1
P227506,1
P208185,1
P208186,1
P208200,1
P227442,1
P223422,1
P209749,1
P209757,1
P209762,1
P209788,1
P209795,1
P209797,1
P209799,1
P227456,1
P227459,1
P227485,1
P223363,1
P223375,1
P223382,1
P223386,1
P223393,1
P223398,1
P223337,1
P223340,1
P223349,1
P223350,1
P223356,1
P227487,1
P227488,1
P227497,1
P227501,1
P227553,1
P227554,1
P227557,1
P227508,1
P227510,1
P227516,1
P227517,1
P227519,1
P227523,1
P208139,1
P208142,1
P208144,1
P208152,1
P208154,1
P227476,1
P227484,1
P227597,1
P227600,1
P208162,1
P208166,1
P227532,1
P227535,1
P223358,1
P223359,1
P209773,1
P209778,1
P209781,1
P209839,1
P223291,1
P227541,1
P227543,1
P227544,1
P227572,1
P227575,1
P223302,1
P223317,1
P223319,1
P223324,1
P223266,1
P223270,1
P223274,1
P209805,1
P209806,1
P227580,1
P227586,1
P227588,1
P227591,1
P227594,1
P227641,1
P227644,1
P227645,1
P227648,1
P227654,1
P227601,1
P227606,1
P227610,1
P227617,1
P208102,1
P208111,1
P208112,1
P208118,1
P208124,1
P227568,1
P227569,1
P227631,1
P227633,1
P209811,1
P209816,1
P209827,1
P209828,1
P209829,1
P209831,1
P209834,1
P223234,1
P223235,1
P223242,1
P223244,1
P223245,1
P227637,1
P227640,1
P227737,1
P227738,1
P227739,1
P227744,1
P227657,1
P227666,1
P227668,1
P227671,1
P227682,1
P227684,1
P227686,1
P227691,1
P227703,1
P208130,1
P208136,1
P227621,1
P208091,1
P208096,1
P227707,1
P223250,1
P223256,1
P223258,1
P223259,1
P223261,1
P223263,1
P223190,1
P223191,1
P223194,1
P223203,1
P227728,1
P227732,1
P227735,1
P227745,1
P227748,1
P227752,1
P227759,1
P223214,1
P223218,1
P223221,1
P223227,1
P223229,1
P223231,1
P223155,1
P223163,1
P223164,1
P223165,1
P208087,1
P208090,1
P227789,1
P227791,1
P227793,1
P227794,1
P227806,1
P227808,1
P208099,1
P227760,1
P227763,1
P227764,1
P227766,1
P227767,1
P227768,1
P227778,1
P208040,1
P208047,1
P208060,1
P208064,1
P227781,1
P227786,1
P223170,1
P223171,1
P223172,1
P223179,1
P223181,1
P223182,1
P209870,1
P209872,1
P209874,1
P223132,1
P223133,1
P227787,1
P227868,1
P227873,1
P227879,1
P227812,1
P227835,1
P227837,1
P227844,1
P227846,1
P227850,1
P208009,1
P208010,1
P208012,1
P208016,1
P208017,1
P208019,1
P208059,1
P227853,1
P227854,1
P223134,1
P223136,1
P223138,1
P223142,1
P223146,1
P223149,1
P223152,1
P223097,1
P223098,1
P223105,1
P223108,1
P223109,1
P223111,1
P227857,1
P227895,1
P223116,1
P209859,1
P209863,1
P209867,1
P223074,1
P223077,1
P227898,1
P227907,1
P207970,1
P207974,1
P207993,1
P208028,1
P208030,1
P208033,1
P208038,1
P207958,1
P207998,1
P208000,1
P208003,1
P227915,1
P227916,1
P227917,1
P227921,1
P227922,1
P227928,1
P227931,1
P227932,1
P227935,1
P227885,1
P227886,1
P227892,1
P227941,1
P227944,1
P227947,1
P227960,1
P223078,1
P223091,1
P223057,1
P223060,1
P223066,1
P223067,1
P227968,1
P207937,1
P207939,1
P207940,1
P207943,1
P207956,1
P207906,1
P207913,1
P207918,1
P207927,1
P207962,1
P227969,1
P227973,1
P227977,1
P227983,1
P227988,1
P228000,1
P228003,1
P228006,1
P228007,1
P227939,1
P227940,1
P228019,1
P228020,1
P228022,1
P228025,1
P209877,1
P209882,1
P209885,1
P209895,1
P209899,1
P209904,1
P223021,1
P223028,1
P223031,1
P223036,1
P223040,1
P228031,1
P228122,1
P228123,1
P207930,1
P228032,1
P228034,1
P228036,1
P228041,1
P228044,1
P228048,1
P228050,1
P228054,1
P228055,1
P228057,1
P228058,1
P228065,1
P228017,1
P228091,1
P223041,1
P223043,1
P223045,1
P223047,1
P223049,1
P223053,1
P209931,1
P209934,1
P209942,1
P209943,1
P222983,1
P222987,1
P228106,1
P228115,1
P228117,1
P228181,1
P228186,1
P228129,1
P228131,1
P228132,1
P228136,1
P207871,1
P207872,1
P207882,1
P207888,1
P207893,1
P207896,1
P207897,1
P228069,1
P228070,1
P228082,1
P222968,1
P207843,1
P207848,1
P207850,1
P207851,1
P207854,1
P207860,1
P207864,1
P207901,1
P207902,1
P228142,1
P228149,1
P228152,1
P228159,1
P228173,1
P228179,1
P228233,1
P228195,1
P228203,1
P228204,1
P228206,1
P222989,1
P222997,1
P223007,1
P223009,1
P223012,1
P223014,1
P223016,1
P209973,1
P222958,1
P222960,1
P222962,1
P228215,1
P222971,1
P222973,1
P222979,1
P209917,1
P209929,1
P222945,1
P222946,1
P222949,1
P228216,1
P228217,1
P228219,1
P228225,1
P228226,1
P228230,1
P228232,1
P207818,1
P207824,1
P207826,1
P207830,1
P228235,1
P228237,1
P228244,1
P228248,1
P228259,1
P228266,1
P228274,1
P228277,1
P228280,1
P207865,1
P207868,1
P228210,1
P228289,1
P207807,1
P207810,1
P222953,1
P209948,1
P209949,1
P209952,1
P209958,1
P209959,1
P209964,1
P209969,1
P222897,1
P222898,1
P222902,1
P222912,1
P207811,1
P207785,1
P207788,1
P207794,1
P207832,1
P207837,1
P228305,1
P228308,1
P228313,1
P228318,1
P228320,1
P228321,1
P228329,1
P228330,1
P228340,1
P228344,1
P228345,1
P228391,1
P228392,1
P228395,1
P228398,1
P228401,1
P228405,1
P228355,1
P228359,1
P228360,1
P228364,1
P228368,1
P228369,1
P207772,1
P207773,1
P207778,1
P207782,1
P209982,1
P209984,1
P228425,1
P228426,1
P228432,1
P207746,1
P207749,1
P207753,1
P207796,1
P207797,1
P207800,1
P207802,1
P228374,1
P228379,1
P228384,1
P228388,1
P228411,1
P228414,1
P228418,1
P222917,1
P222918,1
P222921,1
P222929,1
P222930,1
P222933,1
P222937,1
P222938,1
P222883,1
P222887,1
P209974,1
P209975,1
P209978,1
P228491,1
P228506,1
P228507,1
P228508,1
P207762,1
P207766,1
P207768,1
P207769,1
P228433,1
P228439,1
P228453,1
P228455,1
P228459,1
P228464,1
P228408,1
P228410,1
P228468,1
P228476,1
P228478,1
P209990,1
P209992,1
P209993,1
P209995,1
P209996,1
P210002,1
P222849,1
P222852,1
P222859,1
P222861,1
P222863,1
P228485,1
P228489,1
P228559,1
P228564,1
P228565,1
P228509,1
P228511,1
P228517,1
P228519,1
P207695,1
P207701,1
P207703,1
P207710,1
P207711,1
P207724,1
P207728,1
P228465,1
P228466,1
P228535,1
P228537,1
P222866,1
P222869,1
P222871,1
P222872,1
P222873,1
P222874,1
P222816,1
P222817,1
P222821,1
P222825,1
P228540,1
P228543,1
P228546,1
P228554,1
P210041,1
P210046,1
P228593,1
P228603,1
P228616,1
P228626,1
P228568,1
P228571,1
P228573,1
P228587,1
P207662,1
P207664,1
P207667,1
P207674,1
P207736,1
P228534,1
P228661,1
P207685,1
P207692,1
P207693,1
P207694,1
P228588,1
P222828,1
P222829,1
P222830,1
P222840,1
P222841,1
P222842,1
P222843,1
P222846,1
P210030,1
P210037,1
P228644,1
P222778,1
P222783,1
P222788,1
P222794,1
P222795,1
P222804,1
P222807,1
P222739,1
P222742,1
P222748,1
P222752,1
P228646,1
P228652,1
P228656,1
P228660,1
P228720,1
P228673,1
P228675,1
P228677,1
P228684,1
P228687,1
P228691,1
P207633,1
P207639,1
P207645,1
P207655,1
P228631,1
P228632,1
P228633,1
P228635,1
P228638,1
P228738,1
P228741,1
P228753,1
P228754,1
P228760,1
P228764,1
P207657,1
P207658,1
P228693,1
P228694,1
P228696,1
P228697,1
P228706,1
P228707,1
P228712,1
P228714,1
P228727,1
P228731,1
P228734,1
P228735,1
P228737,1
P222755,1
P222757,1
P222763,1
P222771,1
P210013,1
P210019,1
P210060,1
P210066,1
P210070,1
P210071,1
P222711,1
P228794,1
P228797,1
P228798,1
P228802,1
P228803,1
P228806,1
P228807,1
P228781,1
P228782,1
P207608,1
P207612,1
P207614,1
P207617,1
P207618,1
P207621,1
P207623,1
P222691,1
P222694,1
P222695,1
P222697,1
P207590,1
P207593,1
P207594,1
P207596,1
P207600,1
P207626,1
P207628,1
P207629,1
P207630,1
P228787,1
P228790,1
P228793,1
P228874,1
P228875,1
P228883,1
P228897,1
P228829,1
P228841,1
P222713,1
P222714,1
P222717,1
P222718,1
P222720,1
P222726,1
P222732,1
P222734,1
P222687,1
P222690,1
P228848,1
P228849,1
P228854,1
P222702,1
P222703,1
P210050,1
P210051,1
P210056,1
P210058,1
P222655,1
P222664,1
P222665,1
P222667,1
P222669,1
P228857,1
P228871,1
P228930,1
P228941,1
P228942,1
P228952,1
P228957,1
P228898,1
P228902,1
P228904,1
P228906,1
P207556,1
P207560,1
P207561,1
P207562,1
P207564,1
P207570,1
P207601,1
P207586,1
P228914,1
P228919,1
P228920,1
P222674,1
P222676,1
P222678,1
P222679,1
P222681,1
P222684,1
P210090,1
P210096,1
P210097,1
P210100,1
P228927,1
P228929,1
P228990,1
P228991,1
P228992,1
P228993,1
P228994,1
P228960,1
P228964,1
P228968,1
P228970,1
P207534,1
P207535,1
P207537,1
P207540,1
P207543,1
P207544,1
P207547,1
P222605,1
P222615,1
P222617,1
P229016,1
P229020,1
P229022,1
P229027,1
P229032,1
P207548,1
P207552,1
P207553,1
P228972,1
P228976,1
P228980,1
P228986,1
P228989,1
P207525,1
P207526,1
P229002,1
P229006,1
P229008,1
P229012,1
P222619,1
P222627,1
P222636,1
P222639,1
P222643,1
P222644,1
P222645,1
P222650,1
P222600,1
P222604,1
P229088,1
P229090,1
P229092,1
P229096,1
P229100,1
P229051,1
P229055,1
P229059,1
P229060,1
P229061,1
P207505,1
P207509,1
P207510,1
P207517,1
P207521,1
P207524,1
P222570,1
P229120,1
P229122,1
P229132,1
P229134,1
P229135,1
P229144,1
P229146,1
P207529,1
P229067,1
P229069,1
P229070,1
P229071,1
P229072,1
P229073,1
P229079,1
P229103,1
P229111,1
P229114,1
P229116,1
P229118,1
P222618,1
P210072,1
P210078,1
P210079,1
P210080,1
P210083,1
P210084,1
P222559,1
P222560,1
P222562,1
P222566,1
P229185,1
P229192,1
P229196,1
P229147,1
P229149,1
P229150,1
P229151,1
P229155,1
P207470,1
P207476,1
P207482,1
P207484,1
P207489,1
P207490,1
P207491,1
P207496,1
P229162,1
P222578,1
P222590,1
P222592,1
P222594,1
P222595,1
P210124,1
P210125,1
P210128,1
P222533,1
P222535,1
P222538,1
P229173,1
P229178,1
P229180,1
P229181,1
P207457,1
P207460,1
P207461,1
P229197,1
P229198,1
P229200,1
P229203,1
P229205,1
P229208,1
P229209,1
P229210,1
P229211,1
P229214,1
P229224,1
P207502,1
P207503,1
P229237,1
P207438,1
P222539,1
P222540,1
P222547,1
P222548,1
P222554,1
P222555,1
P222501,1
P222526,1
P207442,1
P207445,1
P207447,1
P207448,1
P207449,1
P207455,1
P207419,1
P207463,1
P207464,1
P207469,1
P229248,1
P229249,1
P229252,1
P229255,1
P229258,1
P229268,1
P229274,1
P229281,1
P229287,1
P229227,1
P229228,1
P229234,1
P229333,1
P229337,1
P229339,1
P229341,1
P229347,1
P229291,1
P229296,1
P229297,1
P229298,1
P229300,1
P229301,1
P229304,1
P207406,1
P207413,1
P207414,1
P207418,1
P229324,1
P210103,1
P210106,1
P210107,1
P210115,1
P210116,1
P210122,1
P222455,1
P222458,1
P222459,1
P222463,1
P222467,1
P229327,1
P229329,1
P229330,1
P229332,1
P229405,1
P229407,1
P229409,1
P229410,1
P229356,1
P229363,1
P229367,1
P229370,1
P229371,1
P229374,1
P229378,1
P229384,1
P207378,1
P207380,1
P207429,1
P229310,1
P229443,1
P229445,1
P229446,1
P207357,1
P207358,1
P207365,1
P207368,1
P207387,1
P207391,1
P207392,1
P207393,1
P207397,1
P207402,1
P229386,1
P229390,1
P229393,1
P229422,1
P229434,1
P229435,1
P229437,1
P229439,1
P222471,1
P222478,1
P222485,1
P222487,1
P222497,1
P210152,1
P210154,1
P222426,1
P222427,1
P222428,1
P222430,1
P207311,1
P207312,1
P207316,1
P207332,1
P207369,1
P207371,1
P207373,1
P229454,1
P229455,1
P229466,1
P229471,1
P229475,1
P229476,1
P229483,1
P229487,1
P229491,1
P229496,1
P229497,1
P229502,1
P222432,1
P222434,1
P222444,1
P222446,1
P222450,1
P222416,1
P222419,1
P222422,1
P222423,1
P229510,1
P207302,1
P207303,1
P207305,1
P207334,1
P207337,1
P207338,1
P207346,1
P207347,1
P229511,1
P229512,1
P229517,1
P229519,1
P229520,1
P229523,1
P229527,1
P229530,1
P229532,1
P229533,1
P229492,1
P229602,1
P229603,1
P229606,1
P229607,1
P229545,1
P229546,1
P229550,1
P229552,1
P229554,1
P229562,1
P229565,1
P229566,1
P229572,1
P229574,1
P229575,1
P229576,1
P222371,1
P222378,1
P207275,1
P207276,1
P207279,1
P207288,1
P207289,1
P207296,1
P229586,1
P229587,1
P229588,1
P229591,1
P229592,1
P229593,1
P229597,1
P229598,1
P229655,1
P229656,1
P229625,1
P229628,1
P207271,1
P210130,1
P210134,1
P210135,1
P210140,1
P210142,1
P210146,1
P210147,1
P210178,1
P210181,1
P210183,1
P222369,1
P222385,1
P222388,1
P222390,1
P222395,1
P222400,1
P222405,1
P222346,1
P222349,1
P222353,1
P222354,1
P222356,1
P222360,1
P222362,1
P229645,1
P229652,1
P229654,1
P207238,1
P207245,1
P207254,1
P207261,1
P229669,1
P229681,1
P229684,1
P229692,1
P229697,1
P229708,1
P229709,1
P207300,1
P229631,1
P229633,1
P229644,1
P222380,1
P229728,1
P229729,1
P222363,1
P210159,1
P210167,1
P210174,1
P210175,1
P210177,1
P222312,1
P222315,1
P222316,1
P222318,1
P222321,1
P222322,1
P222323,1
P229735,1
P229798,1
P229799,1
P229808,1
P229812,1
P229813,1
P207263,1
P207264,1
P229740,1
P229742,1
P229749,1
P229750,1
P229755,1
P229764,1
P229766,1
P229768,1
P229722,1
P207227,1
P229783,1
P229784,1
P222325,1
P222326,1
P222329,1
P222331,1
P222334,1
P222342,1
P222283,1
P222285,1
P222288,1
P222290,1
P222291,1
P229794,1
P229797,1
P229836,1
P229844,1
P229849,1
P229851,1
P229854,1
P229824,1
P229825,1
P229827,1
P229828,1
P229830,1
P229831,1
P207212,1
P207218,1
P207219,1
P207224,1
P207226,1
P207232,1
P207233,1
P207234,1
P229832,1
P229833,1
P222292,1
P222294,1
P222295,1
P222297,1
P222299,1
P222300,1
P222303,1
P222305,1
P222277,1
P222281,1
P210198,1
P229912,1
P229921,1
P229924,1
P229926,1
P229860,1
P229864,1
P229865,1
P229872,1
P229876,1
P229877,1
P229890,1
P207186,1
P207193,1
P207196,1
P207228,1
P207229,1
P229905,1
P229906,1
P210201,1
P210204,1
P210207,1
P210208,1
P210209,1
P210210,1
P210219,1
P222214,1
P222216,1
P222237,1
P222240,1
P222242,1
P229908,1
P229910,1
P207169,1
P207171,1
P207174,1
P207178,1
P229932,1
P229936,1
P229940,1
P229942,1
P229945,1
P229949,1
P229952,1
P229959,1
P229965,1
P229974,1
P207206,1
P207210,1
P230027,1
P230029,1
P229990,1
P207153,1
P207156,1
P207160,1
P222243,1
P222247,1
P222248,1
P222253,1
P222262,1
P222264,1
P222157,1
P222161,1
P222172,1
P207165,1
P222179,1
P222183,1
P222185,1
P222187,1
P222207,1
P222210,1
P222211,1
P210250,1
P222126,1
P222129,1
P222131,1
P222133,1
P230001,1
P230002,1
P230006,1
P230024,1
P230096,1
P230100,1
P230103,1
P230033,1
P230034,1
P230043,1
P230058,1
P230059,1
P230061,1
P230068,1
P207125,1
P207129,1
P207130,1
P229992,1
P229999,1
P222178,1
P222114,1
P222115,1
P230114,1
P230115,1
P230123,1
P230124,1
P230126,1
P230128,1
P207137,1
P207145,1
P207151,1
P207152,1
P230077,1
P230079,1
P230086,1
P230087,1
P230104,1
P230107,1
P230108,1
P230109,1
P230110,1
P222134,1
P222137,1
P222141,1
P222146,1
P222150,1
P222151,1
P222155,1
P222156,1
P222104,1
P222111,1
P222113,1
P230206,1
P230207,1
P230130,1
P230131,1
P230132,1
P230135,1
P230136,1
P230139,1
P230140,1
P230144,1
P230145,1
P230146,1
P230148,1
P230152,1
P230163,1
P230164,1
P230177,1
P230183,1
P210229,1
P210237,1
P210248,1
P210249,1
P222064,1
P222068,1
P222069,1
P222070,1
P222073,1
P230190,1
P230193,1
P230198,1
P230202,1
P230203,1
P230249,1
P230259,1
P230261,1
P230208,1
P230210,1
P230211,1
P230214,1
P230219,1
P207093,1
P207094,1
P207099,1
P207102,1
P207109,1
P207111,1
P207113,1
P207116,1
P230226,1
P230229,1
P230230,1
P222080,1
P222090,1
P222091,1
P222093,1
P222099,1
P222102,1
P222103,1
P210267,1
P210274,1
P222029,1
P230241,1
P230243,1
P230247,1
P230319,1
P230264,1
P230266,1
P230270,1
P230275,1
P230279,1
P207067,1
P207068,1
P207069,1
P207075,1
P207076,1
P207080,1
P207081,1
P207118,1
P207121,1
P230220,1
P230333,1
P230335,1
P230343,1
P230350,1
P230352,1
P230353,1
P230356,1
P207086,1
P230281,1
P230283,1
P230285,1
P230287,1
P230289,1
P230291,1
P230301,1
P230306,1
P210309,1
P210312,1
P210313,1
P222005,1
P222006,1
P207044,1
P207047,1
P207049,1
P207053,1
P207056,1
P207061,1
P230322,1
P230323,1
P230328,1
P230329,1
P230330,1
P230416,1
P230361,1
P230364,1
P230366,1
P230367,1
P207039,1
P222046,1
P222047,1
P222049,1
P222050,1
P222053,1
P222054,1
P222058,1
P222059,1
P210302,1
P210304,1
P221993,1
P230431,1
P230437,1
P230439,1
P230441,1
P230443,1
P207063,1
P230374,1
P230377,1
P230387,1
P230392,1
P230393,1
P230395,1
P230401,1
P230406,1
P230415,1
P230421,1
P230423,1
P230426,1
P230427,1
P230428,1
P222011,1
P222012,1
P222014,1
P222022,1
P210252,1
P210256,1
P210260,1
P210263,1
P221979,1
P221988,1
P221991,1
P230487,1
P230489,1
P230490,1
P230492,1
P230493,1
P230494,1
P230496,1
P230501,1
P230459,1
P207012,1
P207013,1
P207017,1
P207023,1
P207028,1
P207033,1
P230420,1
P207038,1
P230471,1
P230478,1
P230480,1
P210283,1
P210286,1
P210287,1
P210288,1
P210291,1
P210298,1
P210300,1
P210337,1
P210347,1
P221937,1
P221940,1
P230481,1
P221930,1
P230548,1
P230555,1
P230556,1
P230563,1
P230568,1
P230570,1
P230507,1
P230508,1
P230511,1
P230513,1
P230523,1
P206983,1
P206986,1
P206993,1
P207035,1
P206997,1
P206999,1
P207001,1
P207003,1
P207006,1
P221942,1
P221943,1
P221953,1
P221955,1
P221958,1
P221964,1
P221965,1
P221912,1
P221914,1
P221919,1
P221922,1
P206951,1
P206954,1
P206959,1
P206965,1
P230572,1
P230574,1
P230575,1
P230581,1
P230588,1
P230589,1
P230591,1
P230592,1
P230600,1
P230603,1
P230612,1
P230613,1
P230655,1
P230622,1
P230624,1
P230625,1
P221933,1
P210318,1
P210321,1
P210323,1
P210325,1
P210330,1
P210376,1
P221884,1
P221887,1
P206938,1
P206944,1
P206949,1
P230700,1
P230706,1
P230707,1
P230709,1
P206968,1
P206971,1
P230632,1
P230633,1
P230638,1
P230639,1
P230642,1
P230643,1
P230646,1
P230652,1
P230653,1
P230654,1
P206905,1
P206906,1
P206911,1
P206914,1
P206918,1
P206922,1
P230663,1
P230667,1
P230668,1
P230671,1
P230677,1
P230678,1
P230679,1
P230682,1
P230683,1
P230685,1
P221867,1
P221873,1
P221874,1
P210349,1
P230754,1
P230761,1
P230762,1
P230763,1
P230765,1
P230771,1
P230772,1
P230712,1
P230729,1
P230733,1
P230737,1
P206901,1
P206923,1
P206929,1
P230740,1
P230744,1
P230747,1
P230752,1
P221889,1
P221890,1
P221896,1
P221899,1
P221901,1
P221903,1
P221905,1
P221910,1
P221859,1
P221865,1
P206889,1
P206892,1
P230775,1
P230778,1
P230780,1
P230783,1
P230785,1
P230794,1
P230795,1
P230807,1
P230809,1
P230814,1
P230816,1
P230818,1
P230824,1
P230832,1
P210362,1
P210363,1
P210364,1
P210366,1
P210367,1
P210368,1
P221812,1
P221816,1
P221819,1
P221828,1
P221831,1
P206880,1
P206882,1
P206883,1
P206886,1
P206887,1
P206856,1
P206857,1
P206899,1
P230840,1
P230842,1
P230847,1
P230856,1
P230858,1
P230879,1
P230880,1
P230886,1
P230887,1
P230838,1
P206878,1
P210355,1
P210357,1
P230904,1
P221833,1
P221834,1
P221841,1
P221851,1
P221852,1
P221853,1
P221855,1
P221858,1
P210389,1
P210392,1
P221777,1
P206836,1
P206844,1
P206845,1
P206854,1
P230989,1
P230995,1
P230997,1
P230999,1
P206862,1
P206864,1
P206865,1
P230907,1
P230911,1
P230919,1
P230932,1
P230937,1
P230945,1
P230892,1
P230893,1
P230901,1
P206815,1
P206818,1
P206822,1
P206823,1
P206825,1
P206826,1
P206828,1
P206831,1
P230946,1
P230955,1
P230964,1
P230966,1
P230973,1
P230977,1
P230982,1
P230987,1
P206808,1
P206810,1
P206813,1
P221780,1
P221782,1
P221784,1
P221785,1
P221786,1
P221787,1
P221799,1
P221804,1
P221759,1
P221761,1
P221767,1
P221768,1
P221772,1
P231065,1
P231066,1
P231069,1
P231070,1
P231072,1
P231010,1
P231012,1
P231013,1
P231017,1
P231019,1
P231024,1
P231033,1
P231034,1
P231038,1
P231044,1
P206805,1
P206799,1
P206801,1
P231045,1
P231046,1
P231048,1
P221775,1
P210379,1
P210381,1
P210386,1
P210388,1
P210431,1
P221719,1
P221721,1
P221723,1
P231062,1
P231064,1
P221740,1
P221742,1
P221746,1
P221752,1
P221754,1
P221756,1
P221757,1
P221693,1
P221700,1
P221717,1
P210412,1
P210413,1
P206780,1
P206786,1
P206795,1
P206797,1
P231150,1
P231152,1
P231153,1
P206803,1
P231089,1
P231096,1
P231101,1
P231103,1
P231106,1
P231108,1
P231110,1
P231114,1
P231085,1
P231086,1
P231087,1
P206773,1
P231178,1
P231180,1
P231181,1
P231182,1
P231185,1
P231115,1
P231116,1
P231118,1
P231119,1
P231122,1
P231126,1
P231129,1
P231132,1
P231139,1
P231140,1
P231149,1
P231156,1
P231158,1
P231163,1
P231170,1
P210414,1
P210416,1
P210420,1
P210422,1
P210423,1
P210425,1
P210428,1
P221652,1
P221661,1
P221664,1
P231172,1
P231173,1
P231227,1
P231232,1
P231235,1
P231236,1
P231237,1
P231242,1
P231194,1
P231195,1
P231202,1
P206740,1
P206743,1
P206749,1
P206753,1
P206755,1
P231154,1
P231155,1
P206770,1
P206772,1
P231212,1
P231216,1
P221668,1
P221672,1
P221673,1
P221687,1
P221691,1
P221620,1
P221625,1
P221628,1
P221629,1
P221633,1
P231217,1
P231222,1
P210436,1
P206711,1
P206714,1
P206716,1
P206721,1
P231245,1
P231246,1
P231252,1
P231256,1
P231257,1
P231263,1
P231269,1
P231275,1
P231276,1
P231277,1
P231281,1
P231346,1
P231292,1
P231295,1
P231297,1
P206709,1
P221634,1
P221635,1
P221637,1
P221638,1
P221640,1
P221643,1
P221644,1
P221646,1
P221597,1
P221603,1
P221617,1
P221571,1
P206669,1
P206673,1
P206674,1
P206679,1
P206684,1
P206686,1
P206688,1
P206732,1
P231298,1
P231303,1
P231308,1
P231311,1
P231316,1
P231320,1
P231330,1
P231347,1
P231354,1
P231358,1
P231360,1
P231361,1
P206661,1
P210442,1
P210443,1
P210448,1
P210453,1
P210455,1
P221559,1
P221561,1
P221563,1
P221566,1
P221570,1
P206690,1
P206694,1
P231364,1
P221574,1
P221577,1
P221584,1
P221586,1
P221595,1
P210490,1
P221521,1
P231371,1
P231373,1
P231376,1
P231377,1
P231387,1
P231389,1
P221532,1
P221533,1
P221546,1
P221496,1
P221500,1
P221507,1
P221511,1
P221512,1
P231411,1
P231412,1
P231419,1
P231421,1
P231428,1
P231432,1
P231438,1
P231443,1
P231506,1
P206637,1
P206641,1
P206643,1
P231450,1
P231454,1
P231455,1
P231460,1
P231468,1
P231472,1
P231474,1
P231475,1
P231476,1
P231394,1
P231401,1
P231407,1
P231497,1
P231498,1
P231501,1
P221516,1
P221517,1
P210464,1
P210466,1
P210470,1
P210471,1
P210473,1
P210485,1
P221467,1
P221468,1
P221469,1
P221473,1
P221474,1
P231573,1
P231575,1
P231576,1
P206652,1
P206657,1
P231507,1
P231510,1
P231513,1
P231514,1
P231522,1
P231531,1
P231532,1
P231538,1
P231484,1
P231490,1
P231493,1
P231545,1
P231548,1
P231551,1
P231554,1
P231556,1
P221477,1
P221478,1
P221486,1
P221488,1
P221493,1
P210507,1
P210517,1
P210518,1
P231560,1
P231561,1
P231568,1
P231593,1
P221448,1
P221452,1
P221453,1
P221465,1
P221408,1
P221413,1
P221415,1
P221425,1
P231600,1
P206609,1
P206615,1
P206616,1
P206618,1
P206619,1
P231544,1
P231650,1
P231654,1
P231655,1
P231656,1
P206621,1
P206626,1
P206628,1
P231601,1
P231608,1
P231612,1
P231619,1
P231621,1
P231623,1
P231624,1
P231584,1
P231592,1
P221376,1
P221380,1
P231675,1
P231677,1
P231678,1
P231679,1
P231680,1
P231693,1
P231696,1
P231628,1
P231630,1
P231632,1
P231634,1
P231636,1
P231647,1
P231648,1
P206600,1
P206603,1
P231664,1
P231671,1
P231672,1
P231674,1
P221430,1
P221431,1
P221432,1
P221434,1
P210491,1
P210492,1
P210501,1
P210503,1
P210550,1
P210551,1
P231745,1
P231747,1
P231701,1
P231704,1
P231706,1
P231710,1
P231711,1
P206580,1
P206581,1
P206582,1
P206583,1
P206588,1
P206591,1
P206595,1
P206596,1
P206599,1
P206607,1
P231716,1
P231722,1
P231726,1
P221384,1
P221387,1
P221401,1
P221407,1
P221355,1
P221365,1
P210522,1
P210523,1
P210533,1
P210534,1
P231740,1
P231741,1
P206544,1
P206547,1
P206549,1
P206550,1
P206562,1
P206570,1
P231753,1
P231756,1
P231757,1
P231766,1
P231769,1
P231771,1
P231772,1
P231775,1
P231777,1
P231781,1
P231825,1
P231826,1
P231830,1
P231833,1
P231834,1
P231835,1
P231842,1
P231845,1
P231849,1
P231786,1
P231793,1
P231794,1
P231799,1
P231801,1
P231805,1
P231809,1
P221323,1
P221325,1
P206506,1
P206508,1
P206511,1
P206514,1
P206516,1
P206521,1
P206531,1
P206532,1
P206576,1
P231814,1
P231817,1
P231818,1
P231823,1
P231824,1
P231850,1
P231852,1
P231853,1
P231860,1
P231862,1
P210541,1
P210542,1
P210544,1
P210545,1
P210546,1
P210547,1
P210548,1
P210549,1
P221316,1
P221319,1
P221321,1
P231939,1
P231942,1
P231946,1
P231948,1
P206534,1
P206535,1
P231873,1
P231874,1
P231876,1
P231877,1
P231891,1
P231892,1
P231895,1
P231899,1
P231900,1
P231905,1
P231914,1
P221327,1
P221335,1
P221339,1
P221341,1
P221342,1
P221347,1
P221350,1
P221353,1
P210601,1
P221281,1
P221283,1
P221284,1
P221293,1
P231929,1
P231930,1
P206490,1
P206492,1
P206494,1
P206503,1
P231950,1
P231957,1
P231962,1
P231969,1
P231972,1
P231973,1
P231976,1
P231980,1
P231984,1
P231985,1
P231911,1
P231912,1
P221279,1
P232024,1
P232026,1
P232028,1
P206453,1
P206455,1
P206463,1
P231988,1
P231991,1
P231994,1
P231995,1
P231999,1
P206482,1
P206485,1
P206488,1
P206489,1
P232003,1
P232004,1
P232008,1
P232009,1
P232010,1
P221294,1
P221299,1
P221302,1
P221313,1
P221314,1
P221315,1
P221262,1
P221263,1
P221264,1
P221265,1
P221277,1
P232100,1
P206464,1
P206469,1
P206473,1
P206476,1
P232033,1
P232034,1
P232039,1
P232044,1
P232049,1
P232052,1
P232054,1
P232055,1
P232057,1
P232061,1
P206505,1
P232143,1
P232145,1
P232149,1
P232066,1
P232070,1
P232074,1
P232076,1
P232078,1
P232080,1
P232081,1
P232083,1
P232084,1
P232088,1
P232091,1
P232093,1
P232098,1
P232168,1
P232175,1
P232185,1
P232187,1
P232192,1
P232103,1
P232104,1
P232107,1
P232118,1
P232119,1
P232121,1
P232122,1
P232126,1
P232130,1
P232135,1
P232141,1
P232152,1
P232154,1
P232155,1
P232164,1
P210564,1
P210581,1
P210584,1
P210586,1
P210587,1
P210594,1
P221224,1
P221225,1
P221233,1
P221235,1
P221241,1
P232165,1
P232227,1
P232234,1
P232236,1
P232198,1
P232203,1
P232206,1
P206410,1
P206411,1
P206413,1
P206415,1
P206419,1
P206420,1
P206427,1
P206440,1
P232150,1
P232151,1
P232211,1
P221246,1
P221248,1
P221249,1
P221250,1
P221251,1
P221253,1
P221258,1
P221259,1
P210624,1
P210628,1
P221194,1
P221200,1
P232213,1
P232215,1
P232222,1
P206389,1
P206393,1
P206395,1
P206401,1
P232239,1
P232246,1
P232249,1
P232251,1
P232263,1
P232265,1
P232266,1
P232267,1
P232281,1
P232282,1
P206443,1
P232208,1
P232335,1
P232338,1
P232341,1
P232349,1
P232350,1
P232351,1
P232356,1
P232285,1
P232286,1
P232287,1
P232294,1
P232295,1
P232297,1
P206380,1
P206386,1
P206387,1
P232302,1
P232330,1
P221203,1
P221205,1
P221206,1
P221213,1
P221216,1
P221221,1
P221168,1
P221178,1
P221180,1
P221181,1
P221192,1
P210603,1
P232332,1
P232333,1
P221132,1
P221135,1
P232400,1
P232401,1
P232402,1
P232407,1
P232414,1
P232361,1
P232371,1
P232374,1
P232380,1
P206346,1
P206349,1
P206353,1
P206354,1
P206358,1
P206369,1
P232381,1
P232383,1
P232390,1
P232393,1
P210605,1
P210607,1
P210609,1
P210613,1
P210617,1
P210620,1
P210621,1
P210622,1
P221121,1
P221122,1
P221131,1
P232436,1
P221149,1
P221154,1
P221155,1
P221160,1
P210652,1
P210653,1
P210655,1
P221085,1
P232439,1
P232440,1
P232441,1
P232447,1
P232451,1
P232457,1
P232458,1
P232538,1
P232545,1
P232547,1
P232461,1
P232466,1
P232472,1
P232473,1
P232481,1
P232482,1
P232488,1
P232493,1
P232505,1
P232415,1
P232423,1
P232430,1
P232433,1
P232513,1
P232514,1
P232515,1
P232519,1
P221092,1
P221098,1
P221101,1
P221105,1
P221110,1
P221117,1
P221073,1
P221074,1
P210631,1
P232522,1
P232524,1
P232530,1
P232593,1
P232596,1
P232598,1
P232550,1
P232552,1
P232566,1
P206309,1
P206317,1
P206323,1
P206324,1
P206325,1
P206326,1
P206333,1
P206336,1
P206337,1
P232506,1
P221029,1
P221042,1
P232624,1
P232627,1
P232629,1
P232634,1
P232637,1
P232639,1
P232640,1
P206343,1
P206344,1
P232573,1
P232575,1
P232576,1
P232582,1
P232586,1
P206295,1
P232599,1
P232601,1
P232615,1
P232616,1
P210633,1
P210634,1
P210638,1
P210641,1
P210642,1
P210644,1
P210645,1
P210647,1
P221019,1
P221024,1
P221027,1
P232693,1
P232701,1
P232702,1
P232705,1
P232641,1
P232649,1
P232651,1
P232656,1
P232657,1
P232661,1
P206281,1
P206285,1
P206286,1
P206290,1
P206291,1
P206292,1
P232731,1
P232737,1
P232739,1
P232740,1
P232742,1
P232746,1
P206302,1
P206303,1
P206305,1
P232662,1
P232676,1
P232683,1
P232688,1
P232689,1
P232690,1
P232691,1
P220987,1
P220989,1
P220991,1
P220994,1
P220997,1
P206249,1
P206251,1
P206256,1
P206258,1
P206261,1
P206262,1
P206274,1
P232714,1
P232717,1
P232720,1
P232728,1
P232803,1
P232747,1
P232748,1
P232750,1
P232752,1
P206248,1
P221049,1
P221050,1
P221053,1
P221057,1
P221058,1
P221060,1
P221062,1
P221063,1
P220984,1
P220986,1
P206227,1
P206230,1
P206236,1
P206237,1
P206239,1
P232766,1
P232769,1
P232775,1
P232779,1
P232780,1
P232786,1
P232789,1
P232790,1
P232792,1
P232800,1
P232802,1
P232807,1
P232815,1
P206221,1
P220998,1
P221001,1
P221012,1
P221014,1
P221015,1
P210675,1
P210680,1
P210683,1
P220956,1
P220962,1
P206222,1
P206223,1
P206224,1
P232879,1
P232881,1
P232888,1
P232893,1
P232894,1
P232898,1
P232823,1
P232835,1
P232836,1
P232839,1
P232843,1
P232844,1
P232851,1
P232856,1
P232804,1
P232805,1
P206206,1
P206208,1
P206214,1
P232862,1
P232871,1
P220966,1
P220971,1
P220976,1
P220977,1
P220982,1
P220983,1
P220917,1
P220924,1
P220932,1
P220935,1
P232876,1
P232907,1
P232914,1
P232915,1
P206189,1
P220937,1
P220946,1
P210659,1
P210668,1
P210670,1
P210712,1
P220881,1
P220886,1
P220889,1
P206193,1
P206195,1
P206200,1
P232979,1
P232981,1
P232986,1
P232987,1
P232989,1
P206217,1
P232916,1
P232919,1
P232921,1
P232922,1
P232923,1
P232928,1
P232934,1
P232945,1
P232946,1
P232905,1
P232967,1
P220890,1
P220894,1
P220897,1
P220899,1
P220908,1
P220909,1
P220912,1
P220914,1
P220916,1
P220854,1
P220857,1
P220861,1
P220867,1
P232968,1
P232977,1
P233039,1
P233044,1
P232994,1
P232997,1
P233001,1
P233002,1
P206161,1
P206164,1
P206167,1
P206171,1
P206172,1
P206173,1
P232952,1
P232956,1
P232957,1
P232964,1
P233083,1
P206177,1
P206181,1
P206185,1
P206187,1
P233013,1
P220876,1
P210745,1
P210749,1
P210750,1
P220820,1
P233022,1
P233028,1
P233031,1
P233034,1
P233038,1
P220815,1
P206137,1
P206139,1
P206141,1
P206143,1
P206149,1
P206155,1
P206156,1
P233050,1
P233051,1
P233059,1
P233061,1
P233062,1
P233064,1
P233072,1
P233074,1
P233126,1
P233084,1
P233093,1
P233096,1
P206129,1
P220823,1
P220826,1
P220827,1
P220828,1
P220830,1
P220846,1
P220850,1
P220804,1
P220805,1
P220808,1
P220813,1
P206098,1
P206103,1
P206110,1
P206112,1
P206116,1
P233098,1
P233099,1
P233101,1
P233105,1
P233107,1
P233110,1
P233114,1
P233116,1
P233118,1
P233119,1
P233122,1
P220769,1
P233183,1
P233187,1
P233191,1
P233193,1
P233203,1
P233211,1
P233216,1
P233136,1
P233142,1
P233145,1
P233146,1
P233147,1
P233148,1
P233152,1
P233155,1
P206119,1
P206124,1
P206126,1
P206127,1
P233162,1
P233169,1
P210730,1
P210734,1
P210736,1
P210739,1
P210740,1
P220757,1
P220759,1
P220760,1
P220766,1
P220767,1
P233275,1
P233217,1
P233220,1
P233227,1
P233231,1
P220786,1
P220794,1
P210780,1
P210781,1
P210786,1
P220729,1
P220731,1
P206068,1
P206077,1
P206080,1
P206082,1
P220735,1
P220740,1
P220742,1
P220748,1
P220753,1
P220710,1
P220714,1
P220715,1
P220720,1
P220724,1
P233257,1
P233260,1
P233266,1
P233267,1
P233270,1
P233272,1
P233317,1
P233318,1
P233321,1
P233325,1
P233330,1
P233284,1
P233292,1
P233293,1
P233301,1
P206031,1
P206040,1
P206085,1
P206089,1
P233235,1
P233238,1
P220733,1
P206055,1
P206058,1
P233304,1
P233306,1
P233310,1
P210760,1
P210764,1
P210768,1
P210770,1
P210771,1
P210776,1
P220677,1
P220678,1
P220687,1
P233312,1
P233314,1
P233387,1
P233388,1
P233397,1
P233335,1
P233336,1
P233338,1
P233341,1
P233342,1
P233343,1
P233344,1
P233345,1
P233348,1
P233357,1
P233359,1
P233363,1
P206045,1
P220640,1
P220644,1
P205997,1
P205999,1
P206005,1
P206011,1
P206014,1
P233365,1
P233366,1
P233367,1
P233371,1
P233378,1
P233379,1
P233380,1
P233384,1
P233385,1
P233444,1
P233457,1
P233460,1
P233462,1
P233401,1
P233411,1
P220695,1
P220699,1
P220700,1
P220703,1
P220705,1
P210819,1
P210820,1
P210822,1
P220635,1
P220637,1
P220620,1
P220628,1
P220630,1
P233486,1
P205961,1
P205963,1
P205964,1
P205965,1
P205979,1
P205980,1
P206026,1
P233420,1
P233424,1
P233435,1
P233442,1
P233443,1
P233472,1
P233473,1
P233474,1
P233475,1
P233481,1
P233482,1
P220649,1
P220653,1
P220655,1
P220656,1
P220661,1
P220672,1
P220607,1
P220609,1
P220616,1
P220618,1
P205939,1
P205942,1
P205944,1
P205985,1
P233487,1
P233493,1
P233495,1
P233501,1
P233503,1
P233506,1
P233510,1
P233517,1
P233526,1
P233528,1
P233532,1
P233470,1
P233571,1
P233582,1
P233592,1
P233593,1
P233533,1
P233534,1
P233545,1
P233546,1
P233547,1
P233549,1
P233553,1
P233556,1
P205930,1
P205931,1
P205936,1
P205937,1
P205948,1
P205951,1
P205960,1
P233562,1
P233570,1
P210796,1
P210805,1
P210809,1
P210812,1
P210814,1
P220563,1
P220575,1
P220577,1
P220583,1
P220588,1
P220590,1
P233669,1
P233672,1
P233675,1
P233679,1
P233595,1
P233598,1
P233599,1
P233601,1
P233602,1
P233611,1
P233618,1
P233623,1
P233625,1
P233629,1
P233632,1
P233633,1
P233649,1
P233651,1
P220593,1
P220599,1
P220600,1
P220601,1
P220606,1
P210860,1
P210861,1
P210862,1
P220530,1
P220532,1
P220533,1
P233660,1
P233663,1
P233668,1
P233742,1
P233743,1
P233744,1
P233683,1
P233686,1
P233688,1
P233696,1
P233699,1
P205908,1
P205911,1
P205916,1
P205917,1
P205920,1
P233640,1
P233645,1
P233647,1
P233720,1
P233724,1
P233726,1
P220545,1
P220553,1
P220557,1
P220559,1
P220562,1
P220516,1
P220522,1
P220523,1
P220526,1
P233728,1
P233731,1
P233733,1
P233738,1
P233745,1
P233747,1
P233748,1
P233749,1
P233750,1
P233752,1
P233754,1
P233757,1
P233758,1
P233761,1
P233770,1
P233779,1
P233780,1
P233781,1
P233708,1
P233712,1
P233827,1
P233828,1
P233831,1
P233832,1
P233834,1
P233785,1
P233786,1
P233791,1
P205869,1
P205873,1
P205876,1
P205883,1
P205885,1
P205886,1
P205887,1
P205889,1
P233793,1
P233806,1
P233808,1
P210830,1
P210842,1
P210850,1
P210858,1
P210859,1
P220464,1
P220466,1
P220467,1
P220469,1
P220472,1
P220480,1
P220490,1
P233820,1
P233907,1
P233910,1
P233921,1
P233928,1
P233939,1
P233941,1
P233946,1
P233844,1
P233845,1
P233846,1
P233853,1
P233856,1
P233870,1
P233871,1
P233873,1
P233887,1
P233901,1
P233904,1
P233905,1
P220491,1
P220493,1
P220500,1
P220505,1
P220508,1
P220513,1
P220515,1
P210883,1
P210888,1
P210890,1
P210895,1
P220436,1
P220446,1
P234018,1
P234022,1
P233947,1
P233953,1
P233954,1
P233958,1
P233959,1
P205831,1
P205833,1
P205844,1
P205846,1
P205850,1
P205851,1
P205852,1
P233896,1
P233900,1
P205812,1
P205813,1
P205814,1
P205816,1
P205817,1
P205853,1
P205856,1
P233975,1
P233978,1
P233983,1
P233988,1
P233991,1
P233994,1
P234003,1
P234005,1
P234010,1
P234054,1
P234061,1
P234064,1
P234067,1
P234068,1
P234070,1
P234072,1
P234074,1
P234027,1
P234030,1
P234037,1
P234042,1
P234043,1
P205802,1
P205805,1
P205811,1
P205824,1
P205825,1
P220447,1
P220450,1
P220454,1
P220455,1
P220456,1
P220459,1
P220461,1
P220462,1
P220463,1
P220407,1
P220411,1
P220414,1
P220417,1
P220428,1
P205796,1
P205797,1
P234077,1
P234078,1
P234091,1
P234098,1
P234100,1
P234101,1
P234106,1
P234108,1
P234110,1
P234111,1
P234114,1
P234116,1
P205822,1
P205823,1
P234153,1
P234172,1
P234174,1
P234175,1
P234185,1
P234118,1
P234119,1
P234120,1
P234121,1
P234122,1
P234124,1
P234130,1
P205778,1
P205781,1
P205789,1
P205794,1
P234143,1
P234146,1
P234148,1
P234149,1
P210868,1
P210871,1
P210873,1
P210876,1
P210879,1
P210924,1
P220371,1
P220372,1
P220380,1
P220381,1
P234151,1
P234152,1
P234238,1
P234239,1
P234244,1
P234193,1
P234198,1
P234201,1
P234207,1
P234209,1
P234212,1
P205736,1
P205742,1
P205747,1
P205753,1
P205754,1
P205800,1
P205801,1
P205705,1
P205709,1
P205714,1
P205720,1
P205721,1
P205755,1
P205756,1
P234216,1
P234219,1
P234221,1
P234225,1
P234227,1
P234229,1
P234233,1
P234236,1
P234237,1
P234260,1
P234269,1
P234278,1
P234280,1
P220383,1
P220384,1
P220389,1
P220399,1
P220405,1
P220358,1
P220360,1
P220366,1
P220367,1
P210898,1
P234281,1
P205704,1
P205682,1
P205685,1
P205686,1
P205723,1
P205727,1
P234289,1
P234291,1
P234295,1
P234299,1
P234311,1
P234317,1
P234319,1
P234320,1
P234321,1
P234323,1
P234256,1
P220316,1
P220319,1
P220320,1
P234360,1
P234362,1
P234363,1
P234377,1
P234378,1
P234379,1
P234328,1
P234336,1
P234339,1
P234340,1
P234345,1
P234353,1
P205679,1
P205690,1
P205694,1
P205697,1
P205701,1
P210899,1
P210903,1
P210905,1
P210906,1
P210909,1
P210911,1
P210914,1
P210915,1
P220305,1
P220309,1
P220310,1
P220313,1
P234407,1
P220328,1
P220333,1
P220342,1
P220353,1
P220246,1
P220251,1
P220253,1
P220263,1
P234416,1
P234418,1
P234426,1
P234428,1
P205650,1
P205655,1
P205656,1
P205635,1
P205637,1
P205639,1
P205661,1
P205665,1
P205673,1
P234435,1
P234442,1
P234446,1
P234450,1
P234452,1
P234454,1
P234467,1
P234395,1
P234396,1
P234404,1
P234496,1
P234497,1
P234498,1
P234503,1
P234514,1
P234521,1
P234470,1
P234475,1
P234480,1
P234483,1
P234485,1
P234488,1
P234490,1
P205624,1
P205627,1
P205632,1
P205646,1
P205648,1
P234494,1
P220264,1
P220265,1
P220272,1
P220273,1
P220287,1
P220288,1
P220293,1
P220300,1
P210944,1
P210951,1
P210953,1
P210954,1
P220201,1
P205616,1
P205618,1
P234524,1
P234526,1
P234528,1
P234529,1
P234531,1
P234535,1
P234537,1
P234539,1
P234541,1
P234544,1
P234547,1
P234557,1
P234558,1
P205644,1
P234569,1
P234573,1
P220202,1
P220203,1
P220215,1
P220223,1
P220233,1
P220184,1
P220187,1
P220189,1
P220190,1
P220191,1
P234574,1
P205600,1
P205602,1
P205613,1
P234639,1
P234641,1
P234644,1
P234650,1
P205622,1
P234583,1
P234587,1
P234589,1
P234591,1
P234597,1
P234606,1
P234609,1
P234561,1
P234566,1
P234567,1
P234568,1
P205561,1
P205565,1
P205570,1
P205571,1
P205575,1
P205578,1
P205582,1
P234611,1
P234615,1
P234616,1
P234619,1
P234621,1
P234623,1
P234631,1
P234633,1
P234638,1
P234651,1
P234658,1
P234660,1
P234665,1
P234673,1
P234674,1
P220199,1
P210929,1
P210933,1
P210939,1
P210941,1
P220139,1
P220140,1
P220146,1
P220148,1
P220151,1
P234740,1
P234741,1
P205527,1
P205531,1
P205544,1
P205586,1
P205589,1
P205593,1
P234682,1
P234689,1
P234691,1
P234699,1
P234707,1
P234713,1
P234715,1
P234716,1
P234771,1
P234723,1
P234727,1
P234728,1
P234734,1
P234736,1
P220156,1
P220163,1
P220177,1
P220178,1
P220179,1
P220180,1
P210980,1
P210983,1
P210994,1
P210995,1
P234749,1
P234750,1
P220105,1
P220107,1
P220110,1
P220118,1
P220137,1
P220059,1
P220064,1
P220071,1
P220074,1
P220083,1
P220089,1
P234755,1
P234757,1
P234770,1
P234811,1
P234814,1
P234815,1
P234816,1
P234818,1
P234828,1
P234777,1
P234778,1
P234787,1
P234796,1
P234797,1
P234802,1
P205493,1
P205494,1
P205560,1
P234747,1
P205516,1
P205518,1
P234808,1
P220096,1
P220100,1
P210960,1
P210961,1
P210964,1
P210971,1
P210973,1
P210974,1
P211015,1
P211016,1
P211022,1
P211024,1
P220036,1
P205461,1
P205471,1
P205474,1
P234832,1
P234836,1
P234837,1
P234839,1
P234843,1
P234844,1
P234847,1
P234850,1
P234856,1
P234857,1
P234860,1
P205509,1
P205511,1
P234884,1
P234885,1
P220038,1
P220048,1
P220051,1
P220053,1
P220055,1
P220013,1
P220015,1
P220018,1
P220019,1
P220021,1
P234888,1
P205458,1
P205459,1
P205460,1
P234969,1
P205475,1
P205477,1
P205486,1
P234894,1
P234897,1
P234898,1
P234901,1
P234905,1
P234907,1
P234911,1
P234918,1
P234920,1
P234922,1
P234924,1
P234864,1
P205425,1
P205429,1
P205430,1
P205433,1
P205434,1
P234927,1
P234930,1
P234934,1
P234942,1
P234945,1
P234946,1
P234951,1
P234955,1
P234958,1
P234959,1
P234960,1
P211044,1
P211048,1
P211054,1
P219985,1
P234996,1
P234999,1
P235005,1
P235006,1
P235008,1
P235012,1
P234971,1
P234972,1
P234977,1
P234979,1
P234984,1
P205423,1
P235070,1
P205452,1
P234986,1
P234987,1
P234988,1
P234992,1
P220023,1
P220027,1
P220030,1
P210998,1
P211001,1
P211004,1
P211007,1
P211008,1
P211041,1
P211043,1
P205399,1
P205404,1
P205406,1
P205409,1
P205417,1
P235016,1
P235021,1
P235022,1
P235035,1
P235037,1
P235040,1
P235044,1
P235047,1
P235049,1
P235055,1
P235059,1
P235072,1
P235075,1
P235077,1
P205393,1
P219986,1
P219990,1
P219993,1
P219999,1
P220006,1
P220008,1
P219961,1
P219963,1
P219967,1
P219968,1
P219969,1
P205397,1
P235146,1
P235150,1
P235151,1
P205418,1
P235085,1
P235086,1
P235091,1
P235094,1
P235095,1
P235097,1
P235103,1
P235105,1
P235108,1
P235109,1
P235118,1
P235120,1
P219982,1
P211026,1
P211027,1
P211028,1
P211030,1
P211038,1
P219920,1
P219923,1
P219928,1
P219935,1
P219936,1
P219938,1
P235141,1
P235142,1
P235143,1
P235144,1
P235210,1
P235156,1
P235160,1
P235163,1
P235165,1
P235168,1
P205368,1
P205372,1
P205373,1
P205377,1
P205379,1
P205380,1
P205384,1
P235122,1
P235127,1
P235136,1
P235236,1
P205337,1
P205338,1
P205341,1
P205349,1
P205350,1
P205387,1
P205388,1
P205390,1
P235176,1
P235190,1
P235192,1
P235194,1
P235195,1
P235205,1
P235207,1
P235216,1
P235218,1
P235222,1
P235223,1
P235225,1
P219939,1
P219942,1
P219947,1
P219949,1
P219951,1
P219955,1
P211074,1
P211080,1
P211085,1
P219893,1
P235234,1
P235237,1
P235239,1
P219896,1
P219900,1
P219901,1
P219905,1
P219907,1
P219875,1
P219881,1
P219882,1
P219883,1
P235241,1
P235263,1
P235264,1
P235268,1
P235270,1
P235322,1
P235324,1
P235330,1
P205287,1
P235272,1
P235282,1
P235286,1
P235292,1
P235303,1
P205310,1
P205313,1
P205316,1
P205352,1
P205355,1
P205356,1
P205362,1
P235344,1
P235349,1
P235350,1
P235352,1
P235353,1
P235354,1
P235359,1
P205327,1
P205328,1
P205331,1
P205332,1
P205336,1
P235305,1
P235310,1
P235311,1
P235316,1
P205304,1
P205305,1
P205306,1
P235334,1
P211059,1
P211063,1
P211065,1
P211071,1
P211073,1
P219826,1
P219831,1
P219834,1
P219847,1
P219852,1
P235339,1
P235341,1
P235444,1
P235445,1
P235451,1
P235368,1
P235373,1
P235374,1
P235375,1
P235381,1
P235382,1
P235385,1
P235386,1
P235388,1
P235399,1
P235409,1
P205294,1
P205298,1
P205251,1
P205260,1
P205261,1
P205263,1
P205267,1
P235411,1
P235413,1
P235416,1
P235421,1
P235428,1
P235431,1
P235432,1
P235433,1
P235436,1
P235442,1
P235443,1
P205210,1
P205213,1
P235454,1
P235456,1
P235467,1
P219853,1
P219854,1
P219857,1
P219860,1
P219868,1
P219871,1
P219817,1
P219819,1
P219822,1
P211087,1
P211090,1
P235474,1
P235475,1
P211100,1
P211104,1
P211107,1
P211111,1
P219775,1
P219776,1
P219782,1
P219784,1
P219786,1
P219787,1
P235477,1
P235480,1
P235486,1
P235497,1
P235503,1
P219789,1
P219790,1
P219793,1
P219798,1
P219807,1
P211139,1
P211140,1
P211148,1
P211155,1
P211156,1
P235508,1
P235511,1
P235512,1
P235519,1
P235470,1
P205188,1
P235522,1
P235531,1
P235535,1
P235537,1
P235540,1
P235547,1
P235551,1
P235552,1
P235553,1
P235556,1
P235557,1
P235568,1
P205226,1
P205236,1
P205238,1
P235605,1
P235606,1
P235608,1
P235609,1
P235610,1
P235617,1
P235573,1
P235580,1
P235582,1
P235586,1
P235588,1
P235589,1
P205175,1
P205177,1
P205181,1
P205186,1
P205200,1
P205202,1
P235591,1
P235592,1
P235598,1
P219740,1
P219741,1
P219743,1
P219748,1
P219754,1
P219766,1
P219769,1
P219771,1
P219705,1
P219718,1
P219720,1
P219724,1
P219728,1
P219731,1
P211120,1
P211125,1
P211135,1
P219693,1
P219694,1
P219697,1
P219698,1
P211158,1
P235641,1
P235649,1
P235658,1
P235669,1
P205191,1
P205165,1
P205168,1
P235685,1
P235688,1
P235690,1
P235692,1
P235693,1
P235705,1
P235707,1
P235709,1
P235712,1
P235714,1
P235719,1
P235624,1
P235629,1
P235637,1
P235754,1
P235761,1
P235765,1
P205117,1
P205122,1
P235723,1
P235725,1
P235726,1
P235728,1
P205144,1
P205145,1
P205151,1
P205153,1
P205160,1
P205161,1
P205164,1
P235730,1
P235739,1
P235741,1
P235744,1
P211164,1
P211166,1
P211167,1
P211171,1
P211176,1
P211178,1
P219654,1
P219658,1
P219661,1
P219666,1
P219670,1
P235753,1
P235840,1
P235842,1
P205127,1
P205129,1
P205132,1
P205133,1
P205138,1
P205143,1
P235775,1
P235780,1
P235790,1
P235791,1
P235793,1
P235794,1
P235800,1
P205174,1
P219625,1
P219629,1
P219633,1
P205091,1
P205094,1
P205100,1
P205105,1
P235804,1
P235806,1
P235809,1
P235817,1
P235818,1
P235819,1
P235831,1
P235832,1
P235833,1
P205078,1
P205079,1
P235852,1
P235857,1
P235860,1
P235863,1
P219675,1
P219676,1
P219678,1
P219679,1
P219680,1
P219682,1
P219684,1
P211203,1
P219622,1
P219624,1
P235913,1
P235916,1
P235917,1
P235918,1
P235923,1
P235865,1
P235867,1
P235873,1
P235874,1
P235879,1
P235880,1
P235891,1
P235892,1
P205059,1
P205063,1
P205072,1
P205087,1
P235897,1
P235898,1
P219634,1
P219635,1
P219637,1
P219642,1
P219646,1
P219650,1
P219653,1
P219590,1
P219592,1
P219599,1
P219600,1
P219603,1
P235900,1
P235936,1
P235937,1
P219608,1
P219617,1
P211188,1
P211195,1
P211198,1
P211238,1
P235940,1
P235942,1
P235947,1
P235948,1
P235959,1
P235961,1
P235966,1
P205085,1
P219541,1
P235996,1
P236009,1
P236016,1
P235968,1
P235971,1
P235976,1
P235985,1
P235987,1
P205023,1
P205029,1
P205032,1
P205036,1
P205041,1
P235925,1
P235927,1
P205045,1
P235989,1
P235993,1
P235995,1
P219563,1
P219564,1
P219566,1
P219572,1
P219586,1
P219588,1
P219589,1
P219528,1
P219530,1
P219533,1
P219535,1
P219539,1
P205018,1
P205019,1
P236024,1
P236027,1
P236029,1
P236037,1
P236043,1
P236045,1
P236046,1
P236050,1
P236051,1
P236055,1
P236057,1
P236059,1
P236060,1
P205042,1
P236104,1
P236108,1
P236109,1
P236115,1
P236116,1
P236118,1
P236064,1
P236070,1
P236078,1
P236080,1
P236081,1
P204987,1
P204988,1
P204994,1
P204996,1
P204999,1
P236097,1
P236100,1
P236102,1
P219542,1
P219547,1
P211214,1
P211215,1
P211222,1
P211224,1
P211225,1
P211269,1
P219493,1
P219494,1
P219495,1
P219502,1
P219503,1
P236166,1
P236170,1
P236171,1
P236178,1
P236122,1
P236124,1
P236126,1
P236131,1
P236139,1
P236148,1
P204964,1
P204965,1
P204968,1
P204969,1
P205021,1
P236092,1
P204980,1
P204982,1
P219504,1
P219505,1
P219506,1
P219507,1
P219508,1
P219513,1
P219522,1
P219478,1
P219485,1
P219491,1
P211242,1
P211246,1
P236155,1
P236163,1
P204949,1
P204957,1
P204958,1
P204960,1
P236190,1
P236200,1
P236203,1
P236208,1
P236210,1
P236212,1
P236213,1
P236217,1
P236219,1
P236225,1
P204974,1
P204979,1
P236241,1
P236243,1
P236248,1
P204941,1
P204942,1
P211252,1
P211253,1
P211255,1
P211261,1
P211266,1
P219433,1
P219434,1
P219448,1
P219453,1
P204943,1
P204944,1
P236300,1
P236301,1
P236302,1
P236308,1
P236309,1
P236314,1
P204961,1
P204962,1
P236255,1
P236256,1
P236258,1
P236259,1
P236260,1
P236261,1
P236267,1
P236240,1
P236343,1
P236345,1
P236346,1
P236347,1
P236348,1
P236350,1
P236356,1
P236357,1
P236279,1
P236283,1
P236285,1
P236286,1
P236291,1
P236294,1
P236295,1
P236299,1
P204932,1
P236322,1
P236324,1
P236327,1
P236329,1
P236331,1
P219460,1
P219465,1
P219467,1
P219471,1
P219395,1
P219397,1
P219398,1
P219403,1
P219404,1
P219408,1
P236379,1
P236380,1
P236381,1
P219412,1
P219419,1
P219422,1
P219426,1
P211292,1
P219355,1
P219357,1
P219361,1
P204904,1
P204906,1
P204907,1
P204921,1
P204929,1
P236445,1
P236446,1
P236449,1
P236461,1
P204936,1
P236384,1
P236386,1
P236388,1
P236397,1
P236401,1
P236404,1
P236421,1
P236362,1
P236374,1
P236375,1
P236376,1
P236439,1
P219363,1
P219365,1
P219371,1
P219374,1
P219378,1
P219380,1
P219385,1
P219390,1
P219338,1
P219339,1
P219344,1
P219348,1
P219350,1
P236440,1
P236444,1
P236495,1
P236496,1
P236498,1
P236501,1
P236508,1
P236510,1
P236462,1
P236473,1
P236474,1
P236477,1
P236478,1
P204862,1
P204867,1
P204880,1
P236425,1
P236433,1
P236553,1
P204886,1
P204888,1
P204892,1
P219351,1
P211279,1
P211281,1
P211284,1
P211286,1
P211328,1
P219295,1
P219299,1
P219301,1
P219311,1
P236491,1
P236494,1
P211297,1
P204835,1
P204839,1
P204842,1
P204844,1
P204847,1
P204848,1
P236512,1
P236516,1
P236525,1
P236530,1
P236533,1
P236534,1
P236536,1
P236537,1
P236542,1
P236604,1
P236562,1
P236568,1
P236576,1
P236577,1
P219314,1
P219316,1
P219317,1
P219320,1
P219326,1
P219333,1
P219266,1
P219270,1
P219279,1
P219283,1
P219290,1
P236649,1
P236651,1
P204856,1
P204858,1
P236582,1
P236584,1
P236589,1
P236590,1
P236593,1
P236594,1
P236595,1
P236598,1
P236599,1
P236601,1
P236602,1
P236603,1
P236684,1
P236687,1
P236692,1
P236615,1
P236617,1
P236620,1
P236623,1
P236624,1
P236632,1
P236633,1
P236634,1
P236637,1
P236639,1
P236642,1
P236645,1
P236646,1
P236655,1
P236656,1
P236665,1
P236669,1
P236671,1
P211309,1
P211318,1
P211325,1
P211351,1
P211354,1
P219215,1
P219219,1
P219221,1
P219226,1
P236672,1
P236678,1
P236760,1
P236765,1
P236767,1
P236768,1
P236706,1
P236709,1
P236710,1
P236713,1
P236716,1
P236719,1
P236724,1
P236731,1
P204804,1
P204807,1
P204824,1
P236654,1
P211329,1
P211332,1
P204763,1
P204764,1
P204768,1
P204770,1
P204773,1
P204776,1
P204792,1
P204794,1
P204826,1
P236741,1
P236743,1
P236745,1
P236752,1
P236757,1
P236841,1
P236769,1
P236776,1
P236793,1
P219231,1
P219232,1
P219233,1
P219237,1
P219244,1
P219249,1
P219256,1
P219259,1
P219201,1
P219202,1
P219204,1
P219205,1
P204742,1
P204743,1
P204746,1
P204748,1
P204749,1
P204750,1
P204797,1
P204798,1
P236797,1
P236813,1
P236815,1
P236820,1
P236822,1
P236827,1
P236830,1
P236834,1
P236842,1
P236847,1
P236852,1
P236861,1
P211334,1
P211336,1
P211339,1
P211342,1
P211344,1
P211345,1
P211346,1
P211347,1
P211349,1
P219165,1
P219171,1
P219177,1
P236873,1
P236874,1
P219179,1
P219182,1
P219186,1
P219192,1
P219193,1
P219196,1
P211383,1
P219131,1
P219134,1
P236885,1
P236892,1
P236899,1
P236903,1
P236905,1
P236922,1
P236926,1
P236927,1
P236928,1
P236929,1
P236935,1
P236937,1
P236942,1
P236944,1
P236951,1
P236955,1
P236958,1
P204755,1
P204757,1
P204758,1
P204762,1
P236969,1
P236972,1
P219142,1
P219143,1
P219150,1
P219112,1
P219118,1
P219121,1
P219124,1
P219126,1
P204721,1
P204723,1
P204726,1
P204728,1
P204729,1
P204732,1
P204705,1
P204706,1
P204708,1
P204736,1
P236973,1
P236974,1
P236976,1
P236981,1
P236982,1
P236993,1
P236996,1
P237005,1
P237007,1
P237009,1
P237011,1
P236967,1
P219093,1
P237053,1
P237056,1
P237058,1
P237062,1
P237063,1
P237066,1
P237021,1
P237038,1
P237039,1
P237040,1
P237043,1
P204698,1
P204700,1
P204702,1
P204703,1
P204662,1
P204668,1
P204711,1
P204714,1
P204716,1
P237048,1
P219128,1
P211361,1
P211363,1
P211367,1
P211369,1
P211370,1
P211379,1
P211381,1
P219089,1
P219091,1
P219099,1
P219100,1
P219105,1
P219108,1
P219109,1
P219111,1
P219053,1
P219058,1
P219059,1
P219060,1
P219062,1
P219063,1
P237098,1
P237100,1
P237101,1
P237103,1
P237174,1
P204632,1
P204633,1
P204636,1
P204646,1
P204675,1
P204693,1
P237110,1
P237120,1
P237123,1
P237124,1
P237131,1
P237071,1
P237077,1
P237087,1
P237092,1
P237151,1
P237159,1
P237163,1
P237164,1
P219067,1
P219068,1
P219069,1
P219070,1
P219071,1
P219076,1
P219077,1
P211412,1
P211414,1
P211423,1
P219022,1
P237166,1
P237240,1
P237242,1
P237256,1
P237258,1
P237260,1
P204647,1
P204649,1
P237177,1
P237191,1
P237193,1
P237198,1
P237202,1
P237204,1
P237219,1
P237220,1
P237148,1
P204624,1
P237221,1
P237223,1
P237225,1
P237230,1
P237231,1
P219029,1
P219035,1
P219042,1
P219047,1
P219048,1
P219052,1
P218997,1
P219000,1
P219006,1
P237236,1
P237268,1
P237269,1
P237272,1
P204596,1
P211394,1
P211398,1
P211406,1
P218964,1
P218966,1
P218968,1
P218975,1
P204602,1
P204607,1
P204612,1
P204617,1
P204619,1
P237338,1
P237342,1
P237343,1
P237344,1
P237345,1
P237347,1
P237352,1
P237285,1
P237297,1
P237303,1
P237304,1
P237306,1
P237307,1
P237308,1
P237261,1
P237263,1
P237312,1
P237315,1
P237320,1
P237323,1
P218976,1
P218977,1
P218978,1
P218980,1
P218982,1
P218983,1
P218996,1
P218947,1
P218952,1
P218957,1
P218961,1
P237332,1
P237401,1
P237403,1
P237404,1
P237409,1
P237416,1
P237419,1
P237357,1
P237359,1
P237363,1
P237365,1
P204566,1
P204572,1
P204575,1
P204576,1
P204582,1
P237310,1
P237428,1
P237432,1
P237433,1
P204540,1
P204544,1
P204545,1
P204546,1
P204547,1
P204548,1
P204550,1
P204585,1
P204589,1
P237371,1
P237372,1
P237395,1
P237396,1
P218904,1
P218906,1
P218908,1
P218909,1
P218916,1
P237455,1
P237459,1
P237462,1
P237463,1
P237465,1
P237466,1
P237469,1
P237470,1
P237423,1
P237426,1
P237427,1
P218922,1
P218923,1
P218927,1
P218930,1
P218902,1
P211450,1
P211424,1
P211426,1
P211428,1
P211438,1
P211442,1
P211443,1
P211444,1
P211447,1
P211476,1
P211479,1
P237539,1
P237542,1
P237546,1
P237549,1
P237551,1
P237559,1
P237476,1
P237477,1
P237485,1
P237490,1
P237494,1
P237499,1
P237506,1
P237510,1
P204560,1
P218917,1
P218879,1
P204512,1
P204514,1
P204520,1
P204523,1
P204526,1
P204529,1
P204531,1
P237515,1
P237517,1
P237519,1
P237525,1
P237528,1
P237530,1
P237537,1
P237538,1
P237596,1
P237598,1
P237562,1
P237565,1
P237569,1
P237572,1
P211456,1
P211457,1
P211469,1
P211473,1
P211474,1
P218869,1
P218872,1
P218873,1
P218877,1
P218878,1
P237615,1
P237618,1
P237621,1
P237631,1
P237634,1
P237635,1
P237637,1
P204535,1
P204537,1
P237573,1
P237579,1
P237580,1
P237582,1
P237585,1
P237589,1
P237594,1
P237601,1
P237602,1
P237605,1
P237606,1
P237608,1
P237610,1
P218882,1
P218884,1
P218887,1
P218889,1
P218891,1
P218892,1
P218895,1
P218835,1
P218837,1
P218847,1
P237684,1
P237689,1
P237691,1
P237694,1
P237639,1
P237644,1
P237653,1
P237655,1
P237656,1
P237666,1
P204482,1
P204483,1
P204485,1
P204489,1
P204490,1
P204491,1
P218801,1
P237711,1
P237714,1
P237719,1
P237721,1
P237727,1
P237736,1
P204495,1
P204498,1
P204504,1
P204508,1
P237667,1
P237668,1
P237669,1
P237674,1
P237680,1
P204474,1
P237698,1
P237703,1
P237707,1
P237709,1
P218852,1
P218853,1
P218857,1
P218861,1
P218862,1
P218865,1
P218868,1
P211516,1
P218792,1
P218794,1
P218796,1
P237782,1
P237783,1
P237785,1
P237740,1
P237741,1
P237746,1
P237751,1
P237754,1
P204455,1
P204457,1
P204460,1
P204461,1
P204466,1
P204467,1
P204471,1
P204473,1
P237755,1
P237761,1
P218808,1
P218809,1
P218815,1
P218825,1
P218831,1
P218832,1
P218777,1
P218780,1
P218789,1
P237767,1
P237769,1
P237770,1
P237771,1
P237775,1
P204438,1
P204443,1
P204450,1
P237790,1
P237795,1
P237803,1
P237806,1
P237808,1
P237811,1
P237812,1
P237813,1
P237815,1
P237819,1
P204477,1
P204479,1
P204481,1
P237871,1
P237874,1
P237880,1
P237886,1
P237888,1
P237893,1
P237895,1
P237896,1
P237827,1
P237835,1
P237840,1
P237848,1
P237850,1
P204426,1
P204428,1
P204432,1
P218747,1
P218749,1
P218751,1
P237920,1
P204396,1
P204401,1
P204403,1
P204407,1
P204410,1
P204418,1
P204423,1
P204451,1
P204453,1
P237851,1
P237867,1
P237869,1
P237962,1
P237901,1
P237908,1
P237910,1
P237912,1
P237917,1
P211480,1
P211481,1
P211485,1
P211488,1
P211489,1
P211490,1
P211492,1
P211554,1
P211555,1
P218740,1
P204367,1
P204368,1
P204372,1
P204375,1
P204376,1
P204377,1
P204378,1
P237927,1
P237928,1
P237930,1
P237933,1
P237936,1
P237943,1
P237944,1
P237951,1
P237958,1
P237963,1
P237970,1
P204357,1
P218753,1
P218754,1
P218763,1
P218768,1
P218772,1
P218773,1
P211579,1
P211580,1
P218728,1
P218731,1
P218733,1
P204362,1
P204365,1
P238025,1
P237974,1
P237978,1
P218734,1
P211523,1
P211533,1
P211537,1
P211545,1
P218693,1
P218694,1
P218697,1
P237983,1
P237986,1
P237988,1
P204329,1
P204332,1
P238065,1
P238066,1
P238068,1
P238069,1
P238071,1
P238075,1
P238076,1
P238078,1
P204335,1
P204343,1
P204353,1
P237999,1
P238008,1
P238009,1
P238010,1
P238019,1
P238056,1
P238057,1
P238060,1
P218704,1
P218710,1
P211556,1
P211565,1
P211568,1
P211571,1
P211578,1
P211610,1
P211611,1
P218649,1
P218650,1
P218655,1
P238061,1
P238142,1
P238080,1
P238084,1
P238086,1
P238087,1
P238088,1
P238095,1
P238099,1
P238102,1
P238105,1
P204292,1
P204297,1
P204300,1
P238036,1
P238038,1
P238041,1
P204320,1
P204322,1
P218671,1
P218673,1
P218676,1
P218677,1
P218634,1
P218636,1
P218638,1
P218639,1
P238114,1
P238117,1
P238118,1
P238120,1
P238121,1
P238133,1
P204277,1
P204283,1
P204284,1
P238143,1
P238145,1
P238148,1
P238151,1
P238153,1
P238155,1
P238157,1
P238171,1
P238172,1
P238179,1
P238181,1
P204305,1
P204310,1
P238221,1
P238222,1
P238227,1
P238229,1
P238183,1
P238184,1
P238185,1
P238187,1
P238188,1
P238189,1
P238190,1
P238191,1
P204262,1
P204263,1
P204271,1
P204273,1
P238207,1
P211591,1
P211592,1
P211595,1
P211596,1
P211598,1
P211601,1
P211603,1
P218581,1
P218583,1
P218588,1
P218589,1
P238208,1
P238211,1
P238212,1
P238216,1
P238278,1
P238280,1
P238236,1
P238238,1
P238240,1
P238247,1
P238253,1
P238258,1
P204228,1
P204233,1
P204235,1
P204236,1
P204238,1
P204290,1
P238194,1
P238203,1
P204259,1
P204261,1
P238260,1
P238261,1
P218594,1
P218605,1
P218618,1
P218622,1
P218626,1
P218569,1
P218570,1
P218574,1
P218578,1
P211612,1
P238264,1
P238267,1
P238374,1
P238377,1
P238382,1
P238289,1
P238291,1
P238300,1
P238304,1
P238315,1
P238316,1
P238321,1
P238322,1
P238325,1
P238328,1
P238334,1
P204247,1
P204258,1
P211616,1
P211621,1
P211623,1
P211624,1
P211626,1
P211628,1
P211629,1
P218526,1
P218527,1
P218528,1
P218534,1
P218539,1
P238362,1
P238367,1
P238369,1
P238371,1
P238431,1
P238434,1
P238385,1
P238389,1
P238392,1
P238396,1
P204202,1
P204209,1
P204213,1
P204214,1
P204218,1
P204222,1
P238338,1
P238353,1
P238355,1
P238358,1
P218492,1
P238458,1
P238459,1
P204175,1
P204177,1
P204178,1
P204184,1
P204185,1
P204224,1
P204227,1
P238399,1
P238405,1
P238409,1
P238421,1
P238427,1
P238428,1
P238498,1
P238508,1
P238437,1
P238447,1
P238455,1
P218542,1
P218543,1
P218549,1
P218551,1
P218558,1
P218561,1
P218567,1
P218568,1
P211656,1
P211658,1
P211663,1
P238464,1
P218495,1
P218506,1
P218507,1
P218521,1
P218522,1
P218524,1
P218468,1
P218469,1
P218471,1
P218476,1
P238474,1
P238475,1
P238481,1
P238484,1
P238490,1
P204163,1
P204164,1
P238512,1
P238521,1
P238532,1
P238541,1
P238546,1
P238550,1
P238555,1
P238557,1
P238558,1
P238567,1
P238570,1
P238573,1
P204190,1
P204198,1
P238592,1
P211637,1
P211642,1
P211643,1
P211655,1
P218428,1
P218430,1
P218435,1
P218436,1
P218440,1
P218444,1
P218446,1
P204142,1
P204146,1
P204159,1
P204161,1
P238684,1
P238687,1
P204165,1
P204171,1
P238599,1
P238600,1
P238604,1
P238610,1
P238617,1
P238627,1
P238632,1
P238635,1
P238636,1
P238646,1
P238583,1
P238585,1
P204127,1
P204132,1
P204133,1
P204137,1
P204138,1
P238648,1
P238649,1
P238656,1
P238658,1
P238661,1
P238663,1
P238671,1
P238672,1
P238674,1
P238677,1
P238678,1
P238695,1
P238696,1
P238698,1
P238700,1
P238701,1
P204117,1
P218453,1
P218456,1
P218458,1
P218460,1
P218464,1
P218398,1
P218404,1
P218406,1
P204119,1
P204121,1
P238736,1
P238747,1
P238748,1
P238760,1
P204141,1
P238703,1
P238709,1
P238711,1
P238717,1
P238726,1
P238728,1
P238729,1
P204075,1
P204076,1
P204084,1
P238694,1
P238805,1
P204090,1
P204102,1
P204111,1
P204115,1
P218409,1
P218411,1
P218413,1
P218419,1
P218421,1
P218426,1
P218381,1
P218382,1
P211670,1
P238733,1
P238735,1
P238841,1
P238842,1
P238844,1
P238763,1
P238766,1
P238767,1
P238771,1
P238772,1
P238773,1
P238775,1
P238779,1
P238782,1
P238789,1
P238790,1
P238794,1
P238797,1
P204054,1
P204055,1
P204056,1
P204061,1
P204062,1
P204064,1
P204068,1
P238814,1
P238815,1
P238819,1
P238821,1
P238830,1
P238832,1
P238835,1
P238838,1
P238840,1
P238904,1
P238849,1
P238855,1
P238856,1
P204043,1
P204047,1
P211678,1
P211681,1
P211683,1
P211685,1
P211688,1
P218336,1
P218339,1
P218340,1
P218345,1
P204052,1
P218311,1
P238923,1
P238924,1
P238926,1
P238928,1
P238938,1
P204071,1
P238867,1
P238871,1
P238881,1
P238886,1
P238891,1
P238894,1
P238899,1
P238902,1
P238903,1
P204031,1
P204035,1
P204037,1
P238913,1
P238915,1
P238919,1
P218353,1
P218354,1
P218368,1
P218379,1
P211720,1
P211722,1
P211725,1
P218299,1
P218308,1
P218309,1
P218312,1
P218315,1
P218320,1
P218326,1
P218327,1
P218330,1
P218281,1
P218283,1
P218284,1
P218288,1
P218289,1
P218290,1
P218291,1
P204015,1
P204020,1
P204029,1
P239046,1
P239048,1
P204040,1
P238974,1
P238978,1
P238984,1
P238986,1
P238990,1
P238996,1
P239001,1
P239004,1
P239006,1
P238954,1
P238960,1
P238970,1
P204010,1
P239019,1
P239029,1
P239031,1
P239032,1
P211697,1
P211706,1
P211708,1
P211715,1
P218232,1
P218235,1
P218238,1
P218242,1
P239034,1
P239035,1
P239038,1
P239043,1
P239077,1
P239079,1
P239080,1
P239082,1
P239084,1
P239094,1
P239100,1
P239057,1
P203979,1
P203980,1
P203984,1
P203985,1
P203988,1
P203990,1
P203995,1
P203998,1
P239137,1
P239140,1
P204002,1
P204003,1
P239070,1
P239073,1
P218246,1
P218254,1
P218259,1
P218264,1
P211740,1
P211755,1
P211763,1
P218205,1
P218206,1
P239075,1
P203961,1
P203962,1
P203964,1
P203965,1
P203966,1
P203967,1
P203968,1
P239101,1
P239102,1
P239104,1
P239107,1
P239114,1
P239125,1
P239126,1
P239129,1
P239133,1
P239142,1
P239147,1
P239150,1
P218208,1
P218214,1
P218216,1
P218217,1
P218225,1
P218227,1
P218230,1
P218186,1
P218187,1
P218189,1
P218194,1
P218197,1
P203959,1
P239219,1
P239224,1
P203924,1
P203926,1
P203931,1
P203970,1
P203971,1
P203973,1
P203974,1
P239167,1
P239176,1
P239177,1
P239185,1
P239187,1
P239202,1
P239205,1
P239212,1
P239213,1
P239214,1
P218199,1
P218203,1
P211726,1
P211727,1
P211734,1
P211794,1
P211797,1
P218158,1
P218159,1
P218160,1
P218162,1
P218163,1
P239217,1
P239301,1
P239302,1
P239303,1
P239305,1
P239307,1
P203939,1
P203943,1
P203957,1
P239227,1
P239234,1
P239237,1
P239239,1
P239244,1
P239245,1
P239253,1
P239206,1
P203910,1
P239266,1
P239277,1
P239279,1
P218166,1
P218169,1
P218170,1
P218171,1
P218180,1
P218184,1
P218185,1
P218141,1
P218148,1
P218149,1
P218155,1
P239288,1
P203897,1
P218156,1
P211771,1
P211772,1
P211776,1
P211777,1
P211793,1
P218103,1
P218105,1
P218116,1
P218117,1
P218123,1
P218125,1
P203900,1
P203901,1
P203904,1
P239404,1
P203917,1
P203920,1
P203921,1
P203922,1
P239330,1
P239336,1
P239339,1
P239345,1
P239355,1
P239356,1
P239311,1
P239312,1
P239314,1
P239318,1
P239320,1
P218080,1
P218084,1
P203875,1
P203877,1
P203881,1
P203888,1
P203892,1
P239362,1
P239364,1
P239365,1
P239367,1
P239369,1
P239373,1
P239384,1
P239388,1
P239389,1
P203839,1
P203843,1
P203846,1
P239406,1
P239410,1
P239420,1
P218126,1
P218131,1
P218133,1
P218135,1
P218136,1
P218137,1
P211822,1
P218075,1
P218077,1
P218079,1
P203865,1
P239459,1
P239476,1
P239478,1
P239487,1
P239489,1
P239496,1
P203895,1
P239423,1
P239426,1
P239432,1
P239438,1
P239440,1
P239452,1
P239454,1
P203838,1
P203848,1
P203851,1
P203858,1
P218085,1
P218089,1
P218091,1
P218095,1
P218096,1
P218097,1
P218100,1
P218055,1
P218057,1
P218058,1
P218060,1
P218061,1
P218070,1
P218027,1
P239532,1
P239534,1
P239541,1
P239550,1
P239563,1
P239501,1
P239503,1
P239506,1
P239508,1
P239509,1
P239511,1
P239512,1
P239522,1
P239523,1
P239528,1
P203811,1
P203818,1
P239529,1
P239531,1
P211800,1
P211805,1
P211807,1
P211810,1
P211814,1
P211818,1
P218016,1
P218017,1
P218019,1
P218020,1
P218025,1
P218026,1
P217994,1
P218000,1
P203766,1
P203770,1
P203779,1
P203781,1
P239569,1
P239573,1
P239575,1
P239583,1
P239586,1
P239588,1
P239592,1
P239600,1
P239603,1
P239604,1
P239662,1
P239615,1
P239616,1
P239617,1
P239618,1
P218032,1
P218033,1
P218042,1
P218044,1
P218047,1
P218049,1
P218051,1
P211850,1
P211851,1
P211853,1
P217990,1
P239626,1
P239633,1
P239635,1
P218004,1
P218008,1
P218011,1
P218014,1
P217978,1
P217981,1
P217986,1
P217988,1
P211825,1
P239637,1
P239642,1
P239652,1
P239656,1
P203746,1
P203755,1
P203756,1
P203759,1
P203762,1
P239666,1
P239674,1
P239676,1
P239679,1
P239682,1
P239693,1
P239695,1
P239697,1
P239702,1
P239705,1
P203791,1
P239727,1
P239730,1
P211830,1
P211840,1
P211843,1
P211845,1
P211847,1
P217940,1
P217942,1
P217944,1
P217946,1
P217947,1
P217951,1
P217953,1
P203740,1
P203745,1
P203764,1
P239737,1
P239738,1
P239740,1
P239741,1
P239745,1
P239749,1
P239752,1
P239754,1
P239756,1
P239759,1
P239764,1
P239768,1
P239769,1
P239719,1
P239724,1
P239799,1
P239800,1
P239801,1
P239803,1
P239805,1
P239773,1
P239780,1
P239782,1
P203712,1
P203717,1
P203719,1
P203722,1
P203724,1
P203726,1
P203728,1
P203729,1
P217900,1
P217906,1
P217907,1
P239833,1
P239840,1
P239843,1
P239844,1
P239848,1
P239849,1
P203736,1
P203739,1
P239787,1
P239789,1
P239790,1
P239793,1
P239794,1
P203691,1
P203692,1
P203699,1
P239810,1
P239812,1
P239825,1
P217955,1
P217958,1
P217963,1
P217965,1
P217966,1
P217970,1
P217971,1
P217972,1
P217977,1
P217896,1
P239873,1
P239874,1
P239876,1
P239877,1
P239878,1
P239882,1
P239886,1
P239850,1
P239852,1
P239853,1
P239856,1
P239862,1
P203681,1
P203683,1
P203687,1
P203690,1
P239920,1
P203703,1
P203705,1
P203708,1
P239870,1
P239871,1
P217912,1
P217917,1
P217927,1
P217935,1
P217938,1
P217882,1
P217885,1
P217886,1
P217887,1
P217894,1
P211870,1
P211875,1
P211877,1
P211880,1
P211913,1
P211917,1
P217842,1
P217843,1
P217845,1
P217847,1
P217852,1
P239906,1
P239910,1
P239916,1
P239918,1
P239919,1
P239986,1
P239995,1
P239939,1
P239942,1
P239943,1
P239949,1
P239957,1
P203663,1
P203671,1
P203674,1
P239889,1
P239892,1
P239894,1
P239895,1
P239900,1
P211869,1
P217856,1
P217859,1
P217863,1
P217865,1
P217866,1
P217867,1
P217870,1
P217812,1
P217815,1
P217827,1
P217828,1
P217829,1
P211888,1
P239979,1
P239980,1
P239982,1
P203634,1
P203637,1
P203639,1
P203640,1
P239996,1
P240007,1
P240013,1
P240016,1
P240028,1
P240029,1
P240030,1
P240031,1
P240033,1
P240037,1
P203677,1
P239965,1
P240059,1
P211889,1
P211895,1
P211898,1
P211899,1
P211900,1
P211909,1
P211951,1
P217779,1
P217785,1
P217789,1
P217790,1
P217791,1
P240065,1
P240067,1
P203633,1
P240118,1
P240123,1
P203641,1
P203643,1
P203649,1
P203654,1
P203657,1
P240071,1
P240075,1
P240077,1
P240084,1
P240087,1
P240089,1
P240047,1
P240051,1
P240057,1
P240091,1
P240096,1
P240103,1
P217792,1
P217798,1
P217802,1
P217811,1
P217757,1
P217770,1
P211918,1
P211922,1
P240109,1
P240110,1
P240112,1
P240113,1
P240116,1
P203604,1
P203605,1
P203608,1
P240124,1
P240126,1
P240129,1
P240134,1
P240139,1
P240140,1
P240144,1
P240151,1
P240160,1
P240163,1
P240167,1
P240168,1
P240090,1
P240214,1
P240216,1
P240226,1
P240230,1
P240232,1
P240170,1
P240176,1
P240180,1
P240181,1
P240182,1
P240185,1
P240186,1
P203591,1
P203597,1
P203598,1
P203600,1
P240273,1
P203610,1
P203612,1
P203622,1
P240192,1
P240197,1
P211926,1
P211935,1
P211938,1
P211942,1
P211948,1
P217711,1
P217721,1
P217724,1
P240205,1
P240210,1
P203572,1
P203577,1
P203578,1
P203579,1
P203581,1
P203582,1
P203583,1
P240236,1
P240239,1
P240242,1
P240251,1
P240253,1
P240256,1
P240257,1
P240260,1
P240272,1
P217675,1
P217677,1
P240296,1
P240302,1
P240303,1
P240311,1
P240312,1
P240274,1
P240275,1
P240278,1
P240281,1
P240285,1
P240286,1
P203560,1
P203567,1
P203571,1
P203546,1
P203588,1
P240289,1
P240291,1
P240295,1
P217735,1
P217740,1
P217741,1
P217745,1
P217750,1
P217753,1
P217755,1
P211973,1
P211975,1
P211976,1
P217674,1
P240342,1
P240343,1
P240347,1
P240348,1
P240351,1
P240352,1
P240364,1
P240318,1
P240322,1
P240323,1
P240329,1
P240330,1
P203539,1
P203542,1
P203543,1
P203544,1
P217666,1
P217670,1
P217671,1
P217672,1
P211952,1
P240410,1
P240411,1
P240412,1
P240415,1
P240417,1
P240424,1
P240425,1
P240426,1
P203551,1
P203552,1
P203556,1
P240466,1
P240377,1
P240386,1
P240387,1
P240391,1
P240392,1
P217678,1
P217681,1
P217684,1
P217686,1
P217690,1
P217694,1
P217697,1
P217704,1
P217660,1
P217664,1
P217621,1
P217623,1
P217624,1
P203504,1
P203508,1
P203513,1
P203515,1
P203517,1
P203520,1
P203522,1
P240427,1
P240433,1
P240436,1
P240440,1
P240443,1
P240455,1
P240477,1
P240478,1
P240482,1
P240483,1
P203503,1
P211954,1
P211955,1
P211957,1
P211961,1
P211963,1
P211964,1
P211970,1
P211971,1
P211972,1
P217614,1
P217615,1
P203479,1
P203480,1
P203483,1
P203484,1
P203485,1
P203490,1
P203528,1
P240488,1
P240491,1
P240494,1
P240498,1
P240499,1
P240501,1
P240504,1
P240516,1
P240518,1
P212006,1
P212008,1
P217572,1
P240557,1
P240563,1
P240565,1
P240566,1
P240568,1
P240571,1
P240573,1
P240521,1
P240522,1
P240525,1
P240528,1
P240535,1
P240538,1
P240546,1
P240547,1
P240550,1
P240552,1
P240555,1
P217634,1
P217636,1
P217644,1
P217645,1
P217646,1
P217647,1
P217648,1
P217658,1
P211997,1
P211999,1
P212005,1
P203468,1
P203472,1
P240575,1
P240577,1
P240585,1
P240586,1
P240588,1
P240593,1
P240599,1
P240609,1
P240610,1
P240615,1
P240618,1
P240621,1
P203492,1
P203497,1
P203435,1
P203438,1
P203443,1
P203444,1
P240631,1
P240633,1
P240634,1
P240635,1
P240638,1
P240640,1
P203456,1
P203457,1
P203458,1
P203463,1
P203464,1
P203466,1
P217557,1
P240686,1
P240690,1
P240693,1
P240696,1
P240701,1
P240705,1
P203475,1
P240641,1
P240643,1
P240655,1
P240662,1
P240663,1
P240664,1
P240674,1
P203429,1
P203448,1
P203449,1
P203450,1
P203455,1
P240679,1
P240684,1
P217587,1
P217591,1
P217600,1
P217602,1
P217608,1
P217528,1
P217538,1
P217546,1
P217548,1
P217550,1
P203397,1
P203398,1
P203400,1
P203407,1
P203408,1
P203411,1
P203412,1
P203413,1
P240711,1
P240712,1
P240718,1
P240720,1
P240722,1
P240723,1
P240725,1
P240730,1
P240744,1
P240745,1
P203390,1
P203391,1
P203392,1
P211979,1
P211981,1
P211984,1
P211989,1
P211991,1
P211996,1
P212026,1
P212027,1
P217499,1
P217500,1
P217503,1
P203374,1
P203380,1
P203383,1
P203384,1
P203417,1
P203421,1
P240749,1
P240764,1
P240765,1
P240769,1
P240776,1
P240779,1
P240783,1
P240784,1
P240740,1
P240743,1
P240792,1
P240793,1
P240794,1
P240795,1
P217509,1
P217512,1
P217522,1
P217524,1
P217525,1
P217488,1
P217494,1
P217496,1
P212010,1
P212011,1
P203362,1
P203368,1
P240862,1
P240864,1
P240865,1
P203334,1
P203336,1
P203339,1
P240801,1
P240806,1
P240812,1
P240819,1
P240822,1
P240831,1
P240836,1
P240839,1
P240787,1
P240790,1
P240847,1
P240850,1
P240851,1
P240854,1
P240857,1
P212013,1
P212014,1
P212016,1
P212018,1
P212023,1
P212025,1
P217455,1
P217456,1
P217459,1
P217461,1
P240861,1
P203316,1
P203318,1
P203322,1
P203325,1
P203359,1
P240869,1
P240870,1
P240879,1
P240884,1
P240888,1
P240896,1
P240897,1
P240898,1
P240899,1
P240903,1
P240845,1
P240937,1
P240943,1
P240944,1
P240951,1
P240952,1
P240958,1
P240959,1
P240907,1
P240909,1
P240911,1
P240923,1
P203303,1
P203305,1
P203311,1
P203314,1
P203315,1
P203332,1
P203333,1
P240924,1
P240934,1
P217470,1
P217473,1
P217474,1
P217475,1
P217482,1
P217487,1
P217418,1
P217422,1
P217425,1
P217426,1
P217427,1
P217430,1
P203293,1
P203294,1
P240964,1
P240967,1
P240969,1
P240971,1
P240981,1
P240989,1
P240992,1
P240994,1
P240996,1
P240998,1
P241000,1
P241004,1
P203329,1
P203330,1
P241029,1
P241032,1
P241034,1
P241036,1
P241037,1
P241045,1
P241006,1
P241013,1
P241014,1
P203268,1
P203271,1
P203273,1
P203281,1
P203285,1
P203286,1
P203287,1
P241094,1
P241098,1
P241022,1
P241025,1
P217431,1
P217433,1
P217443,1
P217447,1
P217451,1
P217453,1
P217388,1
P217391,1
P217392,1
P217393,1
P217396,1
P217397,1
P217355,1
P203243,1
P203244,1
P203246,1
P203248,1
P203249,1
P203250,1
P203255,1
P241049,1
P241052,1
P241053,1
P241057,1
P241059,1
P241064,1
P241080,1
P241087,1
P241108,1
P241111,1
P241112,1
P203239,1
P217398,1
P217401,1
P217405,1
P217406,1
P217407,1
P217408,1
P217412,1
P217414,1
P212059,1
P217351,1
P217352,1
P217354,1
P241162,1
P241163,1
P241166,1
P203262,1
P241119,1
P241123,1
P241124,1
P241135,1
P241136,1
P241138,1
P241139,1
P241142,1
P241145,1
P241147,1
P241148,1
P241103,1
P241155,1
P241156,1
P241158,1
P241160,1
P217366,1
P217371,1
P217373,1
P217375,1
P217378,1
P217386,1
P217330,1
P217338,1
P217340,1
P212034,1
P212040,1
P241161,1
P241225,1
P241226,1
P241227,1
P241229,1
P241176,1
P241179,1
P241193,1
P241196,1
P241198,1
P241203,1
P203203,1
P203206,1
P203210,1
P203212,1
P241152,1
P241154,1
P217288,1
P217289,1
P217294,1
P241266,1
P241271,1
P241279,1
P241281,1
P241282,1
P203225,1
P203234,1
P203238,1
P241206,1
P241211,1
P241216,1
P241220,1
P241221,1
P241312,1
P241247,1
P241249,1
P241256,1
P241261,1
P212043,1
P212045,1
P212046,1
P212050,1
P212052,1
P212055,1
P212057,1
P212058,1
P217266,1
P217280,1
P217286,1
P241343,1
P241345,1
P241346,1
P241352,1
P241355,1
P241357,1
P241287,1
P241288,1
P241289,1
P241290,1
P241295,1
P241303,1
P241306,1
P241307,1
P241309,1
P241310,1
P241324,1
P241334,1
P241337,1
P217303,1
P217308,1
P217309,1
P217321,1
P217322,1
P217325,1
P217327,1
P212090,1
P212092,1
P212097,1
P217232,1
P217235,1
P217239,1
P241408,1
P241358,1
P241360,1
P241362,1
P241368,1
P241369,1
P203163,1
P203164,1
P203165,1
P203166,1
P203172,1
P203176,1
P203178,1
P203182,1
P203183,1
P241320,1
P203146,1
P203147,1
P203148,1
P203187,1
P203190,1
P203193,1
P203196,1
P203197,1
P241372,1
P241378,1
P241383,1
P241394,1
P241395,1
P241401,1
P241402,1
P241404,1
P241429,1
P217242,1
P217246,1
P217248,1
P217253,1
P217255,1
P217257,1
P217258,1
P217207,1
P217214,1
P217219,1
P217221,1
P217222,1
P241435,1
P241438,1
P203140,1
P241498,1
P203103,1
P203105,1
P203109,1
P203114,1
P203151,1
P203152,1
P203162,1
P241448,1
P241456,1
P241463,1
P241464,1
P241474,1
P241409,1
P241418,1
P241421,1
P241479,1
P241481,1
P241483,1
P217225,1
P217227,1
P212070,1
P212072,1
P212077,1
P212080,1
P212116,1
P212117,1
P212118,1
P212122,1
P212124,1
P212128,1
P241494,1
P241583,1
P241584,1
P241587,1
P203119,1
P203121,1
P203123,1
P203135,1
P241503,1
P241505,1
P241520,1
P241528,1
P241530,1
P241532,1
P241542,1
P241475,1
P241476,1
P241566,1
P241568,1
P217175,1
P217193,1
P217195,1
P217197,1
P217202,1
P217204,1
P212157,1
P217127,1
P217138,1
P217140,1
P217143,1
P241569,1
P241571,1
P241579,1
P241610,1
P241616,1
P241617,1
P241618,1
P241624,1
P241590,1
P241593,1
P203067,1
P203068,1
P203069,1
P203074,1
P203082,1
P203086,1
P203092,1
P241551,1
P241553,1
P212132,1
P241661,1
P241664,1
P241670,1
P241688,1
P241689,1
P241691,1
P241694,1
P203097,1
P203100,1
P241597,1
P241599,1
P241600,1
P241602,1
P241606,1
P241607,1
P241638,1
P241644,1
P241645,1
P241655,1
P217161,1
P217162,1
P217165,1
P212098,1
P212104,1
P212115,1
P217117,1
P217118,1
P217120,1
P217125,1
P217126,1
P212130,1
P203061,1
P241697,1
P241699,1
P241701,1
P241702,1
P241703,1
P241704,1
P241707,1
P241709,1
P241723,1
P241729,1
P241730,1
P241732,1
P241736,1
P241633,1
P241634,1
P241764,1
P241765,1
P241769,1
P241775,1
P241777,1
P241739,1
P241741,1
P241743,1
P203041,1
P203042,1
P203043,1
P203046,1
P203048,1
P203055,1
P203058,1
P203060,1
P203019,1
P203063,1
P241748,1
P241750,1
P241755,1
P212137,1
P212148,1
P212151,1
P212156,1
P217078,1
P217081,1
P217083,1
P217086,1
P217088,1
P217094,1
P241763,1
P241840,1
P241848,1
P241850,1
P241855,1
P241858,1
P241862,1
P241870,1
P241796,1
P241809,1
P241813,1
P202993,1
P203004,1
P203012,1
P203014,1
P203015,1
P203017,1
P241913,1
P203023,1
P203032,1
P241819,1
P241821,1
P217099,1
P217103,1
P217108,1
P217112,1
P217116,1
P217023,1
P217024,1
P217028,1
P217036,1
P217039,1
P241833,1
P241876,1
P241877,1
P241890,1
P241892,1
P217045,1
P217058,1
P217066,1
P212175,1
P212188,1
P217000,1
P241893,1
P241898,1
P241900,1
P241904,1
P241907,1
P241911,1
P241952,1
P241958,1
P241968,1
P241970,1
P241971,1
P241922,1
P241929,1
P241930,1
P202959,1
P202961,1
P202965,1
P202966,1
P202967,1
P202981,1
P202986,1
P202987,1
P242019,1
P242022,1
P242024,1
P241932,1
P241936,1
P241951,1
P217001,1
P217004,1
P217008,1
P217010,1
P217014,1
P217015,1
P216976,1
P216977,1
P216978,1
P216985,1
P216943,1
P216949,1
P242044,1
P242046,1
P242048,1
P242054,1
P242057,1
P242059,1
P241983,1
P241986,1
P241989,1
P241992,1
P241997,1
P242005,1
P242006,1
P242010,1
P242026,1
P242028,1
P242029,1
P242030,1
P242032,1
P242039,1
P216992,1
P216996,1
P216997,1
P212170,1
P212171,1
P212174,1
P212206,1
P212208,1
P216941,1
P216942,1
P202930,1
P216957,1
P216966,1
P216967,1
P216969,1
P216970,1
P216972,1
P216923,1
P216924,1
P216937,1
P202934,1
P202938,1
P202942,1
P202943,1
P202947,1
P202950,1
P202908,1
P202910,1
P202919,1
P242073,1
P242075,1
P242076,1
P242077,1
P242081,1
P242087,1
P242094,1
P242096,1
P242098,1
P242100,1
P242064,1
P242067,1
P202929,1
P216894,1
P216897,1
P242142,1
P242143,1
P242146,1
P242161,1
P242162,1
P242164,1
P242107,1
P242110,1
P242115,1
P242118,1
P242124,1
P242128,1
P242130,1
P202900,1
P202923,1
P202924,1
P202926,1
P202928,1
P242132,1
P242137,1
P212190,1
P212195,1
P212198,1
P212201,1
P212202,1
P212204,1
P212240,1
P212244,1
P216884,1
P216887,1
P202887,1
P202889,1
P202890,1
P202894,1
P242169,1
P242171,1
P242172,1
P242179,1
P242184,1
P242186,1
P242187,1
P242203,1
P242204,1
P242207,1
P242213,1
P242225,1
P242235,1
P242237,1
P202871,1
P202874,1
P202877,1
P216899,1
P216900,1
P216901,1
P216911,1
P216854,1
P216860,1
P216875,1
P202878,1
P202882,1
P202883,1
P202886,1
P202855,1
P202857,1
P202860,1
P202896,1
P242243,1
P242244,1
P242252,1
P242256,1
P242265,1
P242268,1
P242271,1
P242272,1
P242281,1
P242283,1
P242228,1
P242232,1
P242293,1
P242297,1
P242298,1
P216882,1
P212220,1
P212225,1
P212226,1
P212232,1
P212236,1
P212271,1
P212272,1
P212276,1
P202842,1
P202846,1
P202848,1
P202852,1
P242380,1
P242382,1
P242385,1
P202861,1
P202870,1
P242300,1
P242305,1
P242307,1
P242313,1
P242314,1
P242323,1
P242324,1
P242328,1
P242341,1
P242290,1
P242291,1
P242350,1
P242351,1
P242357,1
P216834,1
P216837,1
P216838,1
P216843,1
P216845,1
P216846,1
P216802,1
P216806,1
P216807,1
P216819,1
P242360,1
P242365,1
P242378,1
P242392,1
P242393,1
P242394,1
P242395,1
P242396,1
P242397,1
P242398,1
P242404,1
P242406,1
P242411,1
P242412,1
P242415,1
P242419,1
P242420,1
P242345,1
P242347,1
P242456,1
P242461,1
P242465,1
P242469,1
P242423,1
P242425,1
P242428,1
P202810,1
P202811,1
P202814,1
P202818,1
P202821,1
P202825,1
P202829,1
P202831,1
P202834,1
P216768,1
P202770,1
P202773,1
P202779,1
P202788,1
P202792,1
P202799,1
P202800,1
P202801,1
P202835,1
P242431,1
P242434,1
P242435,1
P242442,1
P242443,1
P242448,1
P242476,1
P242477,1
P242484,1
P242491,1
P216820,1
P212246,1
P212248,1
P212249,1
P212259,1
P212261,1
P212304,1
P212306,1
P212313,1
P216762,1
P216763,1
P216767,1
P242565,1
P202738,1
P202748,1
P202755,1
P202802,1
P202806,1
P202808,1
P242495,1
P242500,1
P242503,1
P242514,1
P242515,1
P242516,1
P242518,1
P242521,1
P242523,1
P242604,1
P242529,1
P242530,1
P216769,1
P216770,1
P216775,1
P216785,1
P216786,1
P216792,1
P216797,1
P216737,1
P216741,1
P216746,1
P216753,1
P216757,1
P216760,1
P242632,1
P242633,1
P242634,1
P242636,1
P242638,1
P242639,1
P242640,1
P202759,1
P202768,1
P242578,1
P242585,1
P242586,1
P242588,1
P242589,1
P242595,1
P242596,1
P242615,1
P242617,1
P242622,1
P242623,1
P212286,1
P212287,1
P212289,1
P212291,1
P212295,1
P212301,1
P212350,1
P216692,1
P216705,1
P216709,1
P242625,1
P242627,1
P242713,1
P242715,1
P242717,1
P242649,1
P242658,1
P242660,1
P242662,1
P242665,1
P242667,1
P242675,1
P242682,1
P242683,1
P242687,1
P242606,1
P242608,1
P242612,1
P202705,1
P202706,1
P202709,1
P202711,1
P202713,1
P202714,1
P202719,1
P242689,1
P242691,1
P242692,1
P242693,1
P242695,1
P242697,1
P242701,1
P242711,1
P242712,1
P202702,1
P202703,1
P202704,1
P216717,1
P216722,1
P216723,1
P216727,1
P216729,1
P216732,1
P216733,1
P216683,1
P216684,1
P216687,1
P212315,1
P212316,1
P212321,1
P242804,1
P242811,1
P242735,1
P242736,1
P242737,1
P242738,1
P242743,1
P242751,1
P242752,1
P242756,1
P242759,1
P242762,1
P242765,1
P242722,1
P242727,1
P242732,1
P216653,1
P202690,1
P202693,1
P202694,1
P202695,1
P202697,1
P202699,1
P242776,1
P242778,1
P242791,1
P242793,1
P242794,1
P242796,1
P242800,1
P242802,1
P242803,1
P242822,1
P242823,1
P202677,1
P202678,1
P202681,1
P202684,1
P212323,1
P212332,1
P212333,1
P212337,1
P212338,1
P212340,1
P212348,1
P212349,1
P216643,1
P216647,1
P202668,1
P202669,1
P202670,1
P202671,1
P242827,1
P242828,1
P242829,1
P242836,1
P242837,1
P242843,1
P242845,1
P242851,1
P242856,1
P242863,1
P242865,1
P242866,1
P242905,1
P242906,1
P242908,1
P242913,1
P242914,1
P242918,1
P242920,1
P242873,1
P242874,1
P242875,1
P242877,1
P242878,1
P242880,1
P202657,1
P202658,1
P202659,1
P202675,1
P202676,1
P242886,1
P242891,1
P242897,1
P216663,1
P216664,1
P216667,1
P216674,1
P216677,1
P216679,1
P212381,1
P216608,1
P216611,1
P216613,1
P216615,1
P242978,1
P202635,1
P202642,1
P202646,1
P202649,1
P202650,1
P242925,1
P242927,1
P242930,1
P242932,1
P242935,1
P242936,1
P242937,1
P242941,1
P242946,1
P202672,1
P242951,1
P242954,1
P242956,1
P242959,1
P242966,1
P242976,1
P216619,1
P216621,1
P216622,1
P216623,1
P216625,1
P216628,1
P216631,1
P216576,1
P216601,1
P216602,1
P212363,1
P212365,1
P212369,1
P212372,1
P212379,1
P216550,1
P216553,1
P216555,1
P216561,1
P216563,1
P242988,1
P242995,1
P242997,1
P242999,1
P243004,1
P242950,1
P243017,1
P243023,1
P212389,1
P212392,1
P212394,1
P212397,1
P212399,1
P212405,1
P216501,1
P216503,1
P202651,1
P202655,1
P242981,1
P242983,1
P242984,1
P212356,1
P202611,1
P202612,1
P202614,1
P243051,1
P243058,1
P243059,1
P243060,1
P243061,1
P243062,1
P243064,1
P243066,1
P243069,1
P243013,1
P243014,1
P243015,1
P243016,1
P243127,1
P243128,1
P243133,1
P243145,1
P243146,1
P243094,1
P243095,1
P243097,1
P243099,1
P202597,1
P202600,1
P202601,1
P202603,1
P202607,1
P202609,1
P202610,1
P243101,1
P243102,1
P243104,1
P243109,1
P216523,1
P216531,1
P212445,1
P212446,1
P212455,1
P216475,1
P216476,1
P216477,1
P243111,1
P243113,1
P243114,1
P243120,1
P202572,1
P202575,1
P202576,1
P202580,1
P202588,1
P202590,1
P243152,1
P243153,1
P243154,1
P243158,1
P243166,1
P243173,1
P243182,1
P243186,1
P243195,1
P202622,1
P216462,1
P216463,1
P216468,1
P243226,1
P243227,1
P243228,1
P243232,1
P243235,1
P243240,1
P243244,1
P243200,1
P243205,1
P243208,1
P243209,1
P202569,1
P202571,1
P202591,1
P202596,1
P243210,1
P243224,1
P216479,1
P216480,1
P216481,1
P216482,1
P216487,1
P216491,1
P216495,1
P216496,1
P216500,1
P216452,1
P216457,1
P216459,1
P202534,1
P202536,1
P202537,1
P202545,1
P202551,1
P243250,1
P243255,1
P243256,1
P243263,1
P243265,1
P243267,1
P243271,1
P243275,1
P243280,1
P243283,1
P243285,1
P243347,1
P243289,1
P243292,1
P243305,1
P216473,1
P212417,1
P212426,1
P212433,1
P212434,1
P212436,1
P212441,1
P212444,1
P212474,1
P212475,1
P212478,1
P216404,1
P243362,1
P243364,1
P243367,1
P243375,1
P243377,1
P202567,1
P243315,1
P243318,1
P243319,1
P243324,1
P243326,1
P243328,1
P243334,1
P243338,1
P243339,1
P243341,1
P243353,1
P243357,1
P216417,1
P216425,1
P216432,1
P216436,1
P216440,1
P216445,1
P216371,1
P216375,1
P216378,1
P216387,1
P216389,1
P216390,1
P216391,1
P243360,1
P243426,1
P243429,1
P243435,1
P243436,1
P243438,1
P243379,1
P243386,1
P243389,1
P202498,1
P202516,1
P202523,1
P202524,1
P202529,1
P202532,1
P243349,1
P243352,1
P202485,1
P202533,1
P243393,1
P243403,1
P243404,1
P216396,1
P216400,1
P212458,1
P212470,1
P216327,1
P216333,1
P216334,1
P216340,1
P243407,1
P243411,1
P243415,1
P216348,1
P216351,1
P216352,1
P216359,1
P216360,1
P216365,1
P212513,1
P212515,1
P212517,1
P216273,1
P243461,1
P202471,1
P202475,1
P202479,1
P202482,1
P202484,1
P243530,1
P243531,1
P243534,1
P202488,1
P202491,1
P202492,1
P202496,1
P243463,1
P243464,1
P243469,1
P243497,1
P243439,1
P243441,1
P243445,1
P243449,1
P243460,1
P216259,1
P216260,1
P243551,1
P243552,1
P243556,1
P243557,1
P243562,1
P243570,1
P243571,1
P243501,1
P243506,1
P243511,1
P243513,1
P243516,1
P243525,1
P243526,1
P202465,1
P243538,1
P243542,1
P243545,1
P216282,1
P216297,1
P216300,1
P216313,1
P216316,1
P216318,1
P216324,1
P216239,1
P216240,1
P216241,1
P216243,1
P216256,1
P243584,1
P243586,1
P243587,1
P243601,1
P212485,1
P212494,1
P216200,1
P216201,1
P216210,1
P216212,1
P216214,1
P202446,1
P202447,1
P202456,1
P202458,1
P202464,1
P243677,1
P243682,1
P243686,1
P202467,1
P202468,1
P243604,1
P243611,1
P243612,1
P243613,1
P243614,1
P243623,1
P243624,1
P243633,1
P243638,1
P243642,1
P243577,1
P243647,1
P243657,1
P216216,1
P216217,1
P216218,1
P216219,1
P216221,1
P216232,1
P212540,1
P212548,1
P212554,1
P212556,1
P212558,1
P243661,1
P243674,1
P243675,1
P243745,1
P243687,1
P243689,1
P243691,1
P243693,1
P243694,1
P243700,1
P202418,1
P202419,1
P202420,1
P202424,1
P202425,1
P202433,1
P202439,1
P243645,1
P243646,1
P202392,1
P202400,1
P202402,1
P202405,1
P202406,1
P202407,1
P202410,1
P243703,1
P243706,1
P243718,1
P243729,1
P243730,1
P243734,1
P243737,1
P243739,1
P243740,1
P216149,1
P216153,1
P243778,1
P243780,1
P243783,1
P243790,1
P243793,1
P243799,1
P243800,1
P243803,1
P243752,1
P243760,1
P243762,1
P243763,1
P243766,1
P243770,1
P243869,1
P202411,1
P202415,1
P243775,1
P243777,1
P216176,1
P216178,1
P216179,1
P216181,1
P216189,1
P216195,1
P216135,1
P216140,1
P216142,1
P216145,1
P216147,1
P243882,1
P243883,1
P243887,1
P243889,1
P243893,1
P243894,1
P243806,1
P243813,1
P243820,1
P243825,1
P243828,1
P243852,1
P243855,1
P243858,1
P243866,1
P243867,1
P243871,1
P243872,1
P243874,1
P243876,1
P243878,1
P216158,1
P216159,1
P212525,1
P212536,1
P212538,1
P212585,1
P212587,1
P216091,1
P216095,1
P216104,1
P243880,1
P202374,1
P202377,1
P202379,1
P202382,1
P202384,1
P202385,1
P243895,1
P243902,1
P243903,1
P243904,1
P243910,1
P243919,1
P243921,1
P243924,1
P243926,1
P243870,1
P216086,1
P216087,1
P216090,1
P212560,1
P243949,1
P243951,1
P243953,1
P243955,1
P243961,1
P243970,1
P243930,1
P243933,1
P202358,1
P202367,1
P202369,1
P202371,1
P202304,1
P202340,1
P202344,1
P202390,1
P243937,1
P243939,1
P216110,1
P216114,1
P216118,1
P216120,1
P216122,1
P216124,1
P216134,1
P216067,1
P216068,1
P216083,1
P216027,1
P216029,1
P216031,1
P216035,1
P244020,1
P244021,1
P244026,1
P244031,1
P244035,1
P243976,1
P243982,1
P243988,1
P243992,1
P243993,1
P243994,1
P244002,1
P202346,1
P244007,1
P244010,1
P244012,1
P244014,1
P244015,1
P212561,1
P212565,1
P212566,1
P212569,1
P212572,1
P212573,1
P212574,1
P212581,1
P216021,1
P216026,1
P244106,1
P244107,1
P244108,1
P244041,1
P244042,1
P244053,1
P244054,1
P202278,1
P202280,1
P202281,1
P202285,1
P202289,1
P202292,1
P202293,1
P202297,1
P202302,1
P202242,1
P202249,1
P202250,1
P202251,1
P202253,1
P202303,1
P244086,1
P244087,1
P244089,1
P244090,1
P244092,1
P244093,1
P244097,1
P244099,1
P244100,1
P244105,1
P244117,1
P244123,1
P244125,1
P244126,1
P244132,1
P202239,1
P216045,1
P216049,1
P216052,1
P216057,1
P216059,1
P216062,1
P212614,1
P215994,1
P215995,1
P215999,1
P202204,1
P202205,1
P202207,1
P202208,1
P202213,1
P202216,1
P202264,1
P202266,1
P202268,1
P244137,1
P244146,1
P244153,1
P244155,1
P244164,1
P244169,1
P244176,1
P244182,1
P244183,1
P244185,1
P244187,1
P244191,1
P216001,1
P216008,1
P216012,1
P216016,1
P216020,1
P215982,1
P215983,1
P215986,1
P212589,1
P244205,1
P244209,1
P212591,1
P212596,1
P212597,1
P212601,1
P212609,1
P212611,1
P215945,1
P215952,1
P215955,1
P244215,1
P244217,1
P244230,1
P244232,1
P244239,1
P244241,1
P244245,1
P202194,1
P244247,1
P244248,1
P244251,1
P244253,1
P244255,1
P244260,1
P244265,1
P244270,1
P244271,1
P244276,1
P244278,1
P202222,1
P202226,1
P202227,1
P244213,1
P244321,1
P244324,1
P244328,1
P244332,1
P244337,1
P244338,1
P244279,1
P244280,1
P244281,1
P244282,1
P244283,1
P244289,1
P202175,1
P202178,1
P202186,1
P202190,1
P244310,1
P215956,1
P215958,1
P215960,1
P215964,1
P215965,1
P215968,1
P215970,1
P215971,1
P215979,1
P212654,1
P215904,1
P215913,1
P215918,1
P215919,1
P215923,1
P202148,1
P202149,1
P202154,1
P202157,1
P244342,1
P244354,1
P244357,1
P244363,1
P244366,1
P244370,1
P244374,1
P244376,1
P244378,1
P244379,1
P202201,1
P244305,1
P244397,1
P215924,1
P215925,1
P215926,1
P215929,1
P215933,1
P215934,1
P215936,1
P215888,1
P215893,1
P215895,1
P212623,1
P202140,1
P202143,1
P202144,1
P202146,1
P202123,1
P202158,1
P202162,1
P244400,1
P244401,1
P244405,1
P244407,1
P244408,1
P244422,1
P244425,1
P244434,1
P244436,1
P244437,1
P244380,1
P244382,1
P244396,1
P244497,1
P244499,1
P244500,1
P244501,1
P244438,1
P244440,1
P244441,1
P244442,1
P244452,1
P244459,1
P244461,1
P244466,1
P202112,1
P202116,1
P202117,1
P202122,1
P244477,1
P212628,1
P212637,1
P212642,1
P212645,1
P212650,1
P212651,1
P212652,1
P212653,1
P215836,1
P215839,1
P215848,1
P244482,1
P244488,1
P244489,1
P244495,1
P202074,1
P202081,1
P202082,1
P202100,1
P244510,1
P244516,1
P244528,1
P244533,1
P244535,1
P244536,1
P244537,1
P244538,1
P244545,1
P244547,1
P202130,1
P202131,1
P244554,1
P244558,1
P202067,1
P202071,1
P215857,1
P215858,1
P215859,1
P215861,1
P215865,1
P215877,1
P212686,1
P215788,1
P215789,1
P215797,1
P215799,1
P215801,1
P202041,1
P202042,1
P202043,1
P202048,1
P202049,1
P202111,1
P244564,1
P244568,1
P244572,1
P244583,1
P244590,1
P244591,1
P244595,1
P244599,1
P244548,1
P244552,1
P215784,1
P215787,1
P212657,1
P244632,1
P244639,1
P244640,1
P244653,1
P244657,1
P244661,1
P244604,1
P244608,1
P244622,1
P244624,1
P244626,1
P202036,1
P202037,1
P244702,1
P202050,1
P202066,1
P244630,1
P244631,1
P215802,1
P215804,1
P215805,1
P215811,1
P215813,1
P215816,1
P215817,1
P215825,1
P215826,1
P215777,1
P215779,1
P202018,1
P202019,1
P202022,1
P202024,1
P202025,1
P244664,1
P244665,1
P244676,1
P244677,1
P244679,1
P244681,1
P244682,1
P244687,1
P244695,1
P244698,1
P244699,1
P244763,1
P244707,1
P244716,1
P202012,1
P202015,1
P202016,1
P212664,1
P212666,1
P212667,1
P212672,1
P212685,1
P215737,1
P215744,1
P215747,1
P215749,1
P202017,1
P244791,1
P244798,1
P244801,1
P244803,1
P244804,1
P244807,1
P202030,1
P244722,1
P244725,1
P244726,1
P244727,1
P244732,1
P244735,1
P244751,1
P244752,1
P244753,1
P202001,1
P244765,1
P244771,1
P244777,1
P244781,1
P215756,1
P215759,1
P215763,1
P215768,1
P215771,1
P215775,1
P212715,1
P215690,1
P215693,1
P215704,1
P244788,1
P244828,1
P244831,1
P244834,1
P244839,1
P244844,1
P244846,1
P244808,1
P244809,1
P244810,1
P244814,1
P201977,1
P201979,1
P201980,1
P201982,1
P201986,1
P201989,1
P244863,1
P244864,1
P244865,1
P201952,1
P201953,1
P201954,1
P201955,1
P201957,1
P201961,1
P202003,1
P244815,1
P244816,1
P244817,1
P244819,1
P244821,1
P244827,1
P244916,1
P244847,1
P244851,1
P244853,1
P244855,1
P215707,1
P215716,1
P215719,1
P215730,1
P215732,1
P215735,1
P215658,1
P215665,1
P215668,1
P215675,1
P215676,1
P215627,1
P244938,1
P244940,1
P244945,1
P244946,1
P244955,1
P201964,1
P201968,1
P201974,1
P244869,1
P244875,1
P244881,1
P244884,1
P244890,1
P244901,1
P244907,1
P244917,1
P244920,1
P244928,1
P244930,1
P244933,1
P244934,1
P212688,1
P212696,1
P212700,1
P212704,1
P212706,1
P212707,1
P212711,1
P212738,1
P212740,1
P215622,1
P244997,1
P245000,1
P245005,1
P245006,1
P245009,1
P245010,1
P244963,1
P244968,1
P201907,1
P201908,1
P201918,1
P201920,1
P201921,1
P201930,1
P201932,1
P201937,1
P201947,1
P244983,1
P244994,1
P215636,1
P215640,1
P215645,1
P215647,1
P215650,1
P215656,1
P215657,1
P215594,1
P215596,1
P215601,1
P215605,1
P215609,1
P244996,1
P201885,1
P201889,1
P201899,1
P201902,1
P245019,1
P245022,1
P245030,1
P245032,1
P245036,1
P245039,1
P245042,1
P245044,1
P245045,1
P245050,1
P245052,1
P201942,1
P215567,1
P215568,1
P215571,1
P215574,1
P245085,1
P245090,1
P245091,1
P245097,1
P245102,1
P245053,1
P245054,1
P245057,1
P245058,1
P245060,1
P245061,1
P201884,1
P201903,1
P201904,1
P201905,1
P245065,1
P245066,1
P245079,1
P215616,1
P212718,1
P212720,1
P212721,1
P212722,1
P212723,1
P212726,1
P212729,1
P212730,1
P215563,1
P245185,1
P245109,1
P245110,1
P245112,1
P245116,1
P245123,1
P245124,1
P245125,1
P245127,1
P245133,1
P245134,1
P245135,1
P245136,1
P245137,1
P245142,1
P245143,1
P201860,1
P201862,1
P201863,1
P201869,1
P201871,1
P201872,1
P245156,1
P245158,1
P245163,1
P245166,1
P245173,1
P245175,1
P245176,1
P245179,1
P245180,1
P245181,1
P245192,1
P245196,1
P245197,1
P245199,1
P215575,1
P215577,1
P215579,1
P215580,1
P215586,1
P212764,1
P212766,1
P215531,1
P215535,1
P215536,1
P201850,1
P201857,1
P245254,1
P201873,1
P201874,1
P201877,1
P201878,1
P245201,1
P245206,1
P245209,1
P245211,1
P245214,1
P245220,1
P245226,1
P201819,1
P201828,1
P245187,1
P245190,1
P245278,1
P245286,1
P245289,1
P245291,1
P245295,1
P201834,1
P201837,1
P201840,1
P201849,1
P245229,1
P245235,1
P245237,1
P245239,1
P245240,1
P245241,1
P245245,1
P201800,1
P245261,1
P245271,1
P215542,1
P215544,1
P215545,1
P215547,1
P215552,1
P215555,1
P215508,1
P215510,1
P215516,1
P215519,1
P215526,1
P245275,1
P245276,1
P245308,1
P212745,1
P212746,1
P212747,1
P212749,1
P212752,1
P212754,1
P212755,1
P212762,1
P215456,1
P215457,1
P215461,1
P215464,1
P215475,1
P201782,1
P201796,1
P245371,1
P245374,1
P245378,1
P245381,1
P201804,1
P201809,1
P245313,1
P245314,1
P245317,1
P245320,1
P245326,1
P245328,1
P245329,1
P245330,1
P245334,1
P245305,1
P215450,1
P215452,1
P215453,1
P201754,1
P201755,1
P201760,1
P201765,1
P201770,1
P201771,1
P245339,1
P245342,1
P245352,1
P245359,1
P245364,1
P245367,1
P245369,1
P245386,1
P245388,1
P245389,1
P201746,1
P201752,1
P201753,1
P215477,1
P215479,1
P215491,1
P215498,1
P215500,1
P215501,1
P215436,1
P215438,1
P215441,1
P215445,1
P215395,1
P245457,1
P245460,1
P245463,1
P245473,1
P245475,1
P201779,1
P245413,1
P245417,1
P245419,1
P245420,1
P245424,1
P245427,1
P245428,1
P245431,1
P245435,1
P245450,1
P245451,1
P245454,1
P245456,1
P212767,1
P212769,1
P212773,1
P212776,1
P212781,1
P212782,1
P212794,1
P212823,1
P212831,1
P212832,1
P212833,1
P215390,1
P245533,1
P245534,1
P245536,1
P245478,1
P245480,1
P245483,1
P245488,1
P245491,1
P245493,1
P201720,1
P201723,1
P201726,1
P201729,1
P201732,1
P201733,1
P245443,1
P215381,1
P215384,1
P245567,1
P245569,1
P245570,1
P245574,1
P245583,1
P201735,1
P201742,1
P245509,1
P245510,1
P245513,1
P245514,1
P245522,1
P245531,1
P245532,1
P245542,1
P245550,1
P245552,1
P245555,1
P245560,1
P215396,1
P215400,1
P215413,1
P215415,1
P215418,1
P215419,1
P215422,1
P215433,1
P215367,1
P215369,1
P215370,1
P245594,1
P201698,1
P212805,1
P212806,1
P212809,1
P212821,1
P215336,1
P215345,1
P201701,1
P201704,1
P201705,1
P201706,1
P201707,1
P201708,1
P201709,1
P245539,1
P201676,1
P201677,1
P201680,1
P201712,1
P201713,1
P245601,1
P245605,1
P245606,1
P245618,1
P245625,1
P245628,1
P245636,1
P245639,1
P245588,1
P245589,1
P245593,1
P245684,1
P245685,1
P245689,1
P245694,1
P245697,1
P245698,1
P245649,1
P245650,1
P245654,1
P245655,1
P245657,1
P245661,1
P201660,1
P201662,1
P201667,1
P201672,1
P245738,1
P245740,1
P245742,1
P245746,1
P245749,1
P245754,1
P245755,1
P245756,1
P201686,1
P201690,1
P201691,1
P245666,1
P245669,1
P245672,1
P245680,1
P245682,1
P245728,1
P245730,1
P215349,1
P215350,1
P215352,1
P215353,1
P215360,1
P215361,1
P215366,1
P215308,1
P215309,1
P215310,1
P215311,1
P215312,1
P215322,1
P245731,1
P245805,1
P245759,1
P245760,1
P245763,1
P245764,1
P245765,1
P245766,1
P201626,1
P201629,1
P201630,1
P201631,1
P201635,1
P201636,1
P201646,1
P245701,1
P245715,1
P201649,1
P201651,1
P245771,1
P245779,1
P212837,1
P212841,1
P212842,1
P212843,1
P212848,1
P212851,1
P215273,1
P215287,1
P245780,1
P245783,1
P245797,1
P245802,1
P245869,1
P245870,1
P245873,1
P245874,1
P245809,1
P245811,1
P245819,1
P245821,1
P245822,1
P245823,1
P245824,1
P245828,1
P245831,1
P245834,1
P245835,1
P245839,1
P245910,1
P245911,1
P245915,1
P245916,1
P245922,1
P245926,1
P245927,1
P245840,1
P245841,1
P245847,1
P245848,1
P245849,1
P245855,1
P245856,1
P245858,1
P245868,1
P215245,1
P215246,1
P201596,1
P201600,1
P201604,1
P201605,1
P201609,1
P201610,1
P201611,1
P201612,1
P245884,1
P245886,1
P245891,1
P245904,1
P245905,1
P245908,1
P245928,1
P245932,1
P245933,1
P245935,1
P245938,1
P245939,1
P215290,1
P215293,1
P215297,1
P215298,1
P215303,1
P215304,1
P215306,1
P212885,1
P215234,1
P215239,1
P245991,1
P245999,1
P246002,1
P246003,1
P201619,1
P201624,1
P201625,1
P245940,1
P245946,1
P245949,1
P245954,1
P245960,1
P245961,1
P245963,1
P245965,1
P245969,1
P212859,1
P246023,1
P246026,1
P246029,1
P246030,1
P246031,1
P246032,1
P246041,1
P246043,1
P245972,1
P245973,1
P245980,1
P245982,1
P245983,1
P245985,1
P245986,1
P246010,1
P246012,1
P246017,1
P246018,1
P246021,1
P246022,1
P215253,1
P215256,1
P215258,1
P215263,1
P215266,1
P215272,1
P215224,1
P215231,1
P215232,1
P212857,1
P246084,1
P246086,1
P246088,1
P246094,1
P246096,1
P246046,1
P246049,1
P246052,1
P246057,1
P246062,1
P201560,1
P201562,1
P201563,1
P201565,1
P201567,1
P201569,1
P215187,1
P215189,1
P246127,1
P201533,1
P201535,1
P201537,1
P201540,1
P201544,1
P201548,1
P201549,1
P201581,1
P201585,1
P246064,1
P246076,1
P246081,1
P246083,1
P246101,1
P246104,1
P246112,1
P246117,1
P246124,1
P212861,1
P212862,1
P212863,1
P212865,1
P212870,1
P212875,1
P212880,1
P215171,1
P215175,1
P215180,1
P215181,1
P246200,1
P246201,1
P246202,1
P246203,1
P201555,1
P201558,1
P201559,1
P246138,1
P246144,1
P246151,1
P246152,1
P246153,1
P246155,1
P246156,1
P246166,1
P246171,1
P215143,1
P215145,1
P246232,1
P246234,1
P246238,1
P246240,1
P246242,1
P246252,1
P246172,1
P246173,1
P246174,1
P246178,1
P246183,1
P246190,1
P246192,1
P246197,1
P246207,1
P246209,1
P246210,1
P246219,1
P246223,1
P246228,1
P215191,1
P215195,1
P215200,1
P215202,1
P215203,1
P212908,1
P212917,1
P215139,1
P215140,1
P215141,1
P246297,1
P246299,1
P246306,1
P246311,1
P246312,1
P246254,1
P246259,1
P246260,1
P201500,1
P201502,1
P201505,1
P201511,1
P201516,1
P201517,1
P201524,1
P201527,1
P201531,1
P246267,1
P246281,1
P246284,1
P215148,1
P215155,1
P215158,1
P215162,1
P215164,1
P215169,1
P215116,1
P215121,1
P215123,1
P215125,1
P215128,1
P246293,1
P246321,1
P246326,1
P215136,1
P212889,1
P212893,1
P212898,1
P212902,1
P212903,1
P215084,1
P215085,1
P215088,1
P215090,1
P201473,1
P201482,1
P201487,1
P201489,1
P246385,1
P246387,1
P246389,1
P246394,1
P246396,1
P246397,1
P201493,1
P201497,1
P246334,1
P246339,1
P246340,1
P246343,1
P246349,1
P246358,1
P246359,1
P246319,1
P246360,1
P246362,1
P246369,1
P246373,1
P246379,1
P215100,1
P215104,1
P215109,1
P215114,1
P212937,1
P212939,1
P212946,1
P212947,1
P215053,1
P246381,1
P246382,1
P246401,1
P246404,1
P215064,1
P215073,1
P215075,1
P215077,1
P215078,1
P215080,1
P215029,1
P215038,1
P246416,1
P246422,1
P246427,1
P246431,1
P246432,1
P246441,1
P246453,1
P246458,1
P246461,1
P201426,1
P201428,1
P215046,1
P212921,1
P212923,1
P212926,1
P212927,1
P201429,1
P201434,1
P201436,1
P201450,1
P201459,1
P246400,1
P246522,1
P246530,1
P246531,1
P201407,1
P201467,1
P246476,1
P246480,1
P246483,1
P246486,1
P246489,1
P246492,1
P246493,1
P246497,1
P246500,1
P246506,1
P246448,1
P246508,1
P246511,1
P246518,1
P246520,1
P215015,1
P215016,1
P215017,1
P215020,1
P215023,1
P215024,1
P215027,1
P214962,1
P214963,1
P214968,1
P214971,1
P214973,1
P246574,1
P246577,1
P246578,1
P246580,1
P246584,1
P246588,1
P201409,1
P201416,1
P201423,1
P246537,1
P246540,1
P246543,1
P246548,1
P246554,1
P246556,1
P246557,1
P214924,1
P214927,1
P214929,1
P246615,1
P246617,1
P246621,1
P246636,1
P246638,1
P246641,1
P246559,1
P246560,1
P246563,1
P246568,1
P246571,1
P246572,1
P246573,1
P246589,1
P246597,1
P246599,1
P246605,1
P246611,1
P246613,1
P214974,1
P214977,1
P214983,1
P214985,1
P214989,1
P214991,1
P212983,1
P214919,1
P214920,1
P214922,1
P214914,1
P214917,1
P201377,1
P201387,1
P201393,1
P201394,1
P246643,1
P246645,1
P246649,1
P246651,1
P246654,1
P246658,1
P246659,1
P246661,1
P246666,1
P246669,1
P246701,1
P246703,1
P246683,1
P201369,1
P201374,1
P201376,1
P214933,1
P214940,1
P214945,1
P214950,1
P214959,1
P214960,1
P214899,1
P214900,1
P214907,1
P214908,1
P214876,1
P246720,1
P246728,1
P201340,1
P201350,1
P201352,1
P201353,1
P201395,1
P246687,1
P246690,1
P246691,1
P246692,1
P246693,1
P246694,1
P246696,1
P246700,1
P246708,1
P246713,1
P246715,1
P246719,1
P212953,1
P212960,1
P212974,1
P212977,1
P212979,1
P212980,1
P212982,1
P214863,1
P214864,1
P214867,1
P214868,1
P214873,1
P246790,1
P246798,1
P246801,1
P246806,1
P246811,1
P246813,1
P201356,1
P246735,1
P246737,1
P246741,1
P246742,1
P246743,1
P246765,1
P246767,1
P246705,1
P246706,1
P201335,1
P246774,1
P246782,1
P246787,1
P214879,1
P214880,1
P214885,1
P214887,1
P214893,1
P214898,1
P213020,1
P213021,1
P214835,1
P214839,1
P214840,1
P214842,1
P201302,1
P214845,1
P214846,1
P214850,1
P214855,1
P214857,1
P214812,1
P214815,1
P214821,1
P214825,1
P214826,1
P201303,1
P201307,1
P201308,1
P201310,1
P201328,1
P246892,1
P246893,1
P246895,1
P246906,1
P246913,1
P246839,1
P246841,1
P246851,1
P246857,1
P246861,1
P246862,1
P246875,1
P246815,1
P246816,1
P246819,1
P246823,1
P246880,1
P246882,1
P246887,1
P212984,1
P212992,1
P213000,1
P213003,1
P213008,1
P213011,1
P213015,1
P213052,1
P213056,1
P214770,1
P214774,1
P214775,1
P214778,1
P201292,1
P246921,1
P246922,1
P246924,1
P246927,1
P246929,1
P246931,1
P246939,1
P246940,1
P246941,1
P246943,1
P246944,1
P246945,1
P246946,1
P246953,1
P246877,1
P246989,1
P246992,1
P246993,1
P246995,1
P246957,1
P246959,1
P246960,1
P246962,1
P201262,1
P201264,1
P201266,1
P201267,1
P201280,1
P201283,1
P201284,1
P201286,1
P214765,1
P247013,1
P247024,1
P201229,1
P201231,1
P201232,1
P201240,1
P201299,1
P246964,1
P246966,1
P246972,1
P246973,1
P246976,1
P246984,1
P246986,1
P246988,1
P246996,1
P247001,1
P247002,1
P247003,1
P247006,1
P247011,1
P214783,1
P214786,1
P214788,1
P214795,1
P214809,1
P214810,1
P214748,1
P214749,1
P214756,1
P214758,1
P247085,1
P247089,1
P247091,1
P247101,1
P247105,1
P247106,1
P201247,1
P201255,1
P201258,1
P247027,1
P247032,1
P247035,1
P247037,1
P247041,1
P247042,1
P247050,1
P247077,1
P247082,1
P247084,1
P213030,1
P213031,1
P213034,1
P213035,1
P213036,1
P213040,1
P213045,1
P213050,1
P214707,1
P214714,1
P214715,1
P214720,1
P214725,1
P247136,1
P247138,1
P247143,1
P247147,1
P247153,1
P247115,1
P247116,1
P247117,1
P247119,1
P247122,1
P201202,1
P201206,1
P201208,1
P201214,1
P247060,1
P247067,1
P201224,1
P201228,1
P247124,1
P247127,1
P247128,1
P214735,1
P214736,1
P214739,1
P214741,1
P214742,1
P214746,1
P213068,1
P213077,1
P214679,1
P247130,1
P247131,1
P214662,1
P201168,1
P201179,1
P201183,1
P201188,1
P247157,1
P247161,1
P247164,1
P247176,1
P247183,1
P247184,1
P247185,1
P247186,1
P247188,1
P247189,1
P201218,1
P247246,1
P247190,1
P247191,1
P247201,1
P201158,1
P214681,1
P214687,1
P214691,1
P214695,1
P214699,1
P214700,1
P214647,1
P214652,1
P214654,1
P214660,1
P214661,1
P201196,1
P247208,1
P214675,1
P213059,1
P213061,1
P213063,1
P213066,1
P213067,1
P213100,1
P213101,1
P213105,1
P214610,1
P247238,1
P247242,1
P247243,1
P247244,1
P214611,1
P214625,1
P214631,1
P214632,1
P214582,1
P214586,1
P214589,1
P214590,1
P214595,1
P247285,1
P247292,1
P247304,1
P247308,1
P247310,1
P201194,1
P201195,1
P247368,1
P247370,1
P247317,1
P247318,1
P247324,1
P247325,1
P247327,1
P201137,1
P201138,1
P201143,1
P201144,1
P201149,1
P201150,1
P247259,1
P247264,1
P247271,1
P201104,1
P201108,1
P201109,1
P201111,1
P201119,1
P201156,1
P201157,1
P247331,1
P247336,1
P247341,1
P247344,1
P247346,1
P247359,1
P247360,1
P247361,1
P247362,1
P201096,1
P201101,1
P201103,1
P214597,1
P214598,1
P214601,1
P213083,1
P213084,1
P213085,1
P213088,1
P213089,1
P213130,1
P213135,1
P214548,1
P214553,1
P214557,1
P201071,1
P201076,1
P201080,1
P201082,1
P201086,1
P201127,1
P247390,1
P247394,1
P247395,1
P247397,1
P247398,1
P247402,1
P247407,1
P247408,1
P247420,1
P247423,1
P247482,1
P247424,1
P247427,1
P247429,1
P247434,1
P214566,1
P214573,1
P214577,1
P214578,1
P214581,1
P214532,1
P214533,1
P214535,1
P214537,1
P214540,1
P201065,1
P247505,1
P247509,1
P247510,1
P247511,1
P247512,1
P201095,1
P247452,1
P247455,1
P247456,1
P247462,1
P247464,1
P247470,1
P247473,1
P247477,1
P247479,1
P247481,1
P247495,1
P247498,1
P247499,1
P214541,1
P213111,1
P213112,1
P213116,1
P213120,1
P213128,1
P214477,1
P214478,1
P214484,1
P214490,1
P214492,1
P247501,1
P247502,1
P247542,1
P247543,1
P247563,1
P247564,1
P247516,1
P247518,1
P247526,1
P247529,1
P201019,1
P201020,1
P201024,1
P201037,1
P201046,1
P201052,1
P247484,1
P247485,1
P213155,1
P213156,1
P213158,1
P213160,1
P247589,1
P200992,1
P200993,1
P201007,1
P201008,1
P201009,1
P201054,1
P247530,1
P247531,1
P247536,1
P247538,1
P247539,1
P247612,1
P247631,1
P247573,1
P247576,1
P247580,1
P247581,1
P214497,1
P214505,1
P214509,1
P214514,1
P214515,1
P214517,1
P214520,1
P214526,1
P214531,1
P213153,1
P201017,1
P247592,1
P247594,1
P247595,1
P247596,1
P214453,1
P214460,1
P214467,1
P214471,1
P214472,1
P214474,1
P214476,1
P214437,1
P247599,1
P247601,1
P247605,1
P200956,1
P200961,1
P200976,1
P200978,1
P200982,1
P247635,1
P247636,1
P247637,1
P247639,1
P247647,1
P247654,1
P247660,1
P247665,1
P247670,1
P247671,1
P201012,1
P247675,1
P247676,1
P247679,1
P247680,1
P200951,1
P214443,1
P214444,1
P214447,1
P214449,1
P213142,1
P213146,1
P213149,1
P213177,1
P213180,1
P214408,1
P214413,1
P247757,1
P247761,1
P200987,1
P247687,1
P247702,1
P247707,1
P247709,1
P247713,1
P247715,1
P247718,1
P247721,1
P247724,1
P200924,1
P200925,1
P200932,1
P247673,1
P214403,1
P247786,1
P247788,1
P247789,1
P200893,1
P200895,1
P200899,1
P200907,1
P200933,1
P200939,1
P200947,1
P200948,1
P200950,1
P247744,1
P247746,1
P247747,1
P247767,1
P247776,1
P247780,1
P247785,1
P214415,1
P214417,1
P214423,1
P214425,1
P214426,1
P214427,1
P214385,1
P214386,1
P214388,1
P214392,1
P214395,1
P214399,1
P247864,1
P247867,1
P200908,1
P200913,1
P200915,1
P247791,1
P247793,1
P247796,1
P247803,1
P247810,1
P247813,1
P247814,1
P247815,1
P247818,1
P247820,1
P247765,1
P214358,1
P200865,1
P200872,1
P200880,1
P200888,1
P247823,1
P247825,1
P247827,1
P247834,1
P247837,1
P247838,1
P247839,1
P247848,1
P247856,1
P247859,1
P247863,1
P247873,1
P247876,1
P247879,1
P247880,1
P200861,1
P213165,1
P213166,1
P213167,1
P213172,1
P213174,1
P213175,1
P213214,1
P214346,1
P214350,1
P214352,1
P214356,1
P247939,1
P247950,1
P247951,1
P247953,1
P247960,1
P200889,1
P247882,1
P247883,1
P247890,1
P247899,1
P247901,1
P247903,1
P247904,1
P247905,1
P247911,1
P247915,1
P247921,1
P247923,1
P247926,1
P214367,1
P214368,1
P214370,1
P214379,1
P214382,1
P214383,1
P214337,1
P214338,1
P214341,1
P213185,1
P213187,1
P247934,1
P247936,1
P248018,1
P247971,1
P247974,1
P247977,1
P247981,1
P200827,1
P200830,1
P200832,1
P200843,1
P200846,1
P200847,1
P200850,1
P200855,1
P200857,1
P200858,1
P247919,1
P213196,1
P213201,1
P213208,1
P213209,1
P214291,1
P214295,1
P214298,1
P214299,1
P214312,1
P214318,1
P248003,1
P248004,1
P248005,1
P248009,1
P248010,1
P248017,1
P200817,1
P200822,1
P248020,1
P248024,1
P248025,1
P248030,1
P248032,1
P248040,1
P248044,1
P248051,1
P200859,1
P247994,1
P247995,1
P248002,1
P213192,1
P213195,1
P214268,1
P248096,1
P248097,1
P248098,1
P248099,1
P248102,1
P248108,1
P248067,1
P248074,1
P248076,1
P200798,1
P200805,1
P200809,1
P200810,1
P200813,1
P200814,1
P200793,1
P200825,1
P248078,1
P248081,1
P248083,1
P248093,1
P214322,1
P214323,1
P214328,1
P214330,1
P214331,1
P214334,1
P213239,1
P214250,1
P214255,1
P214260,1
P248170,1
P248171,1
P248176,1
P248177,1
P248179,1
P248115,1
P248116,1
P248122,1
P248125,1
P248130,1
P200770,1
P200774,1
P200775,1
P200777,1
P200789,1
P200790,1
P248149,1
P248157,1
P248158,1
P214269,1
P214274,1
P214275,1
P214279,1
P214280,1
P214281,1
P214285,1
P214227,1
P214228,1
P214232,1
P214236,1
P248164,1
P248169,1
P248181,1
P248183,1
P248185,1
P248188,1
P248192,1
P248194,1
P248195,1
P248198,1
P248200,1
P200740,1
P200742,1
P200747,1
P200748,1
P248138,1
P248144,1
P248146,1
P248277,1
P248278,1
P248279,1
P200751,1
P200753,1
P200755,1
P200764,1
P200767,1
P248201,1
P248205,1
P248206,1
P248211,1
P248216,1
P248225,1
P248231,1
P248234,1
P248244,1
P248248,1
P248250,1
P248252,1
P214247,1
P213221,1
P213226,1
P213229,1
P213232,1
P213266,1
P213268,1
P214200,1
P248256,1
P248258,1
P248263,1
P248270,1
P248330,1
P248332,1
P248334,1
P248336,1
P248338,1
P248339,1
P248344,1
P248296,1
P248298,1
P248303,1
P200711,1
P200716,1
P200722,1
P200723,1
P200737,1
P248242,1
P248319,1
P248326,1
P214203,1
P214207,1
P214212,1
P214216,1
P214221,1
P214223,1
P214163,1
P214166,1
P214172,1
P214173,1
P214177,1
P213242,1
P213243,1
P248329,1
P248411,1
P248347,1
P248350,1
P248352,1
P248353,1
P248359,1
P248362,1
P248365,1
P248367,1
P200666,1
P200668,1
P200682,1
P200684,1
P200739,1
P248311,1
P248316,1
P214125,1
P214132,1
P248438,1
P248442,1
P248443,1
P248452,1
P200699,1
P200703,1
P200705,1
P200706,1
P248377,1
P248378,1
P248380,1
P248382,1
P248401,1
P248406,1
P248417,1
P248419,1
P248424,1
P248426,1
P248431,1
P213248,1
P213256,1
P213258,1
P213259,1
P213260,1
P213261,1
P213264,1
P213265,1
P214114,1
P214116,1
P214120,1
P248491,1
P248508,1
P248511,1
P248461,1
P248465,1
P248467,1
P248468,1
P248470,1
P200621,1
P200622,1
P200623,1
P200635,1
P200639,1
P200640,1
P200641,1
P200648,1
P248526,1
P248532,1
P248533,1
P248537,1
P200598,1
P200601,1
P200602,1
P200654,1
P248472,1
P248474,1
P248476,1
P248477,1
P248478,1
P248479,1
P248481,1
P248486,1
P248520,1
P248522,1
P248524,1
P248525,1
P214142,1
P214143,1
P214151,1
P214158,1
P214160,1
P214083,1
P214088,1
P214091,1
P214092,1
P214093,1
P214094,1
P214098,1
P200570,1
P200577,1
P200607,1
P200609,1
P200610,1
P200613,1
P200619,1
P248541,1
P248545,1
P248546,1
P248547,1
P248553,1
P248560,1
P248561,1
P248515,1
P248519,1
P248605,1
P248606,1
P248609,1
P248610,1
P248611,1
P248612,1
P248614,1
P248623,1
P248572,1
P248573,1
P248576,1
P248581,1
P248589,1
P200565,1
P200566,1
P200568,1
P200595,1
P200596,1
P248597,1
P248601,1
P248604,1
P214099,1
P214102,1
P214103,1
P214106,1
P214110,1
P214113,1
P213292,1
P213293,1
P213295,1
P213298,1
P213301,1
P200553,1
P248624,1
P248626,1
P248628,1
P248629,1
P248631,1
P248633,1
P248638,1
P248641,1
P248643,1
P248646,1
P248650,1
P248651,1
P248653,1
P248654,1
P200594,1
P248710,1
P248717,1
P248719,1
P248657,1
P248664,1
P248666,1
P248667,1
P248670,1
P248675,1
P248678,1
P200533,1
P200537,1
P200538,1
P200541,1
P200546,1
P200551,1
P248741,1
P248742,1
P200497,1
P200498,1
P200513,1
P200514,1
P200517,1
P200520,1
P200558,1
P200559,1
P248680,1
P248686,1
P248695,1
P248702,1
P248704,1
P248709,1
P214022,1
P214025,1
P214027,1
P248750,1
P248756,1
P248759,1
P248761,1
P248763,1
P248765,1
P248768,1
P248729,1
P248730,1
P248731,1
P248733,1
P248735,1
P248739,1
P248813,1
P200528,1
P248743,1
P248745,1
P248747,1
P248748,1
P214059,1
P214067,1
P214068,1
P214071,1
P214075,1
P214077,1
P214078,1
P214082,1
P213335,1
P214017,1
P200487,1
P200488,1
P200490,1
P200494,1
P248769,1
P248771,1
P248776,1
P248780,1
P248786,1
P248789,1
P248792,1
P248795,1
P248797,1
P248799,1
P248803,1
P248806,1
P248820,1
P248824,1
P248825,1
P248826,1
P200461,1
P214053,1
P214055,1
P214057,1
P213284,1
P213991,1
P213996,1
P213998,1
P214006,1
P200464,1
P200468,1
P200483,1
P248837,1
P214015,1
P213311,1
P213315,1
P213331,1
P213363,1
P213962,1
P213965,1
P213968,1
P248842,1
P248844,1
P248845,1
P248846,1
P248849,1
P248850,1
P248853,1
P200418,1
P200442,1
P200449,1
P248864,1
P248872,1
P248873,1
P248876,1
P248879,1
P248880,1
P248883,1
P248886,1
P248902,1
P200495,1
P200496,1
P248834,1
P248836,1
P248937,1
P248938,1
P248945,1
P248949,1
P248954,1
P248956,1
P248958,1
P248903,1
P248904,1
P248909,1
P248911,1
P248915,1
P248917,1
P248918,1
P200414,1
P200415,1
P248925,1
P248926,1
P248934,1
P213974,1
P213981,1
P213983,1
P213985,1
P213987,1
P213988,1
P213990,1
P213942,1
P213944,1
P213952,1
P213960,1
P213961,1
P213340,1
P248959,1
P248960,1
P248965,1
P248966,1
P248968,1
P248973,1
P248974,1
P248975,1
P248979,1
P248984,1
P248989,1
P248994,1
P248995,1
P248996,1
P200451,1
P248921,1
P249031,1
P249035,1
P249036,1
P249045,1
P249051,1
P248997,1
P248998,1
P249005,1
P249009,1
P249011,1
P200385,1
P200397,1
P200401,1
P200406,1
P200408,1
P200409,1
P200413,1
P249015,1
P249025,1
P249027,1
P213347,1
P213349,1
P213350,1
P213356,1
P213360,1
P213886,1
P213890,1
P213892,1
P213896,1
P213899,1
P213908,1
P249029,1
P249089,1
P249104,1
P249105,1
P249107,1
P249057,1
P249059,1
P249063,1
P249067,1
P249069,1
P249070,1
P249071,1
P249072,1
P200350,1
P200352,1
P200355,1
P200360,1
P249131,1
P249134,1
P249140,1
P200381,1
P213909,1
P213918,1
P213919,1
P213922,1
P213923,1
P213932,1
P213394,1
P213395,1
P213859,1
P200382,1
P249076,1
P249088,1
P213845,1
P213847,1
P249164,1
P249165,1
P249166,1
P249172,1
P249173,1
P249175,1
P249109,1
P249111,1
P249113,1
P249116,1
P249117,1
P249120,1
P249121,1
P249128,1
P200339,1
P249144,1
P249146,1
P249148,1
P249149,1
P249152,1
P213871,1
P213874,1
P213875,1
P213877,1
P213881,1
P213835,1
P213836,1
P213837,1
P213841,1
P213844,1
P249216,1
P249220,1
P249225,1
P249228,1
P249182,1
P213849,1
P213854,1
P213371,1
P213377,1
P213382,1
P213388,1
P213808,1
P213811,1
P200322,1
P200324,1
P200327,1
P249250,1
P249255,1
P249257,1
P249259,1
P249264,1
P249268,1
P249269,1
P200343,1
P200345,1
P249203,1
P249204,1
P249207,1
P249211,1
P249212,1
P249213,1
P249215,1
P249232,1
P249233,1
P249242,1
P249243,1
P213817,1
P213820,1
P213825,1
P213828,1
P213831,1
P213833,1
P213785,1
P213786,1
P213787,1
P213790,1
P213796,1
P249249,1
P200292,1
P213402,1
P213405,1
P213412,1
P213414,1
P213416,1
P213423,1
P213429,1
P213740,1
P213748,1
P213755,1
P213758,1
P200293,1
P200296,1
P200306,1
P249229,1
P249363,1
P249365,1
P200315,1
P200316,1
P249293,1
P249294,1
P249295,1
P249299,1
P249300,1
P249303,1
P249305,1
P249313,1
P249279,1
P249281,1
P249284,1
P200291,1
P249340,1
P249341,1
P213772,1
P213773,1
P213777,1
P213778,1
P213780,1
P213783,1
P213455,1
P213461,1
P213462,1
P213470,1
P249350,1
P249354,1
P249356,1
P249360,1
P249418,1
P249366,1
P249368,1
P249370,1
P249371,1
P249374,1
P249375,1
P200249,1
P200257,1
P200258,1
P200264,1
P200275,1
P200286,1
P249322,1
P249333,1
P249334,1
P249444,1
P249449,1
P249452,1
P249454,1
P249459,1
P249460,1
P200288,1
P249378,1
P249379,1
P249381,1
P249400,1
P249403,1
P249407,1
P249412,1
P249415,1
P249417,1
P213700,1
P249484,1
P249485,1
P249487,1
P249488,1
P249489,1
P249494,1
P249501,1
P249502,1
P249426,1
P249427,1
P249428,1
P249430,1
P249434,1
P249441,1
P249443,1
P200241,1
P249461,1
P249465,1
P249466,1
P249470,1
P213713,1
P213715,1
P213718,1
P213727,1
P213728,1
P213729,1
P213732,1
P213736,1
P213684,1
P213692,1
P213698,1
P213639,1
P213648,1
P249525,1
P249544,1
P200187,1
P200188,1
P200193,1
P200204,1
P249507,1
P200220,1
P200223,1
P200229,1
P200230,1
P200234,1
P200236,1
P200240,1
P249512,1
P249513,1
P249515,1
P249516,1
P249520,1
P213704,1
P213705,1
P213707,1
P213431,1
P213432,1
P213442,1
P213445,1
P213450,1
P213496,1
P213497,1
P213638,1
P249615,1
P200206,1
P200214,1
P200215,1
P200217,1
P249545,1
P249547,1
P249551,1
P249557,1
P249562,1
P249572,1
P249576,1
P249577,1
P249591,1
P200243,1
P200246,1
P200165,1
P200169,1
P200171,1
P200172,1
P200174,1
P200178,1
P249593,1
P249596,1
P249598,1
P249599,1
P249600,1
P249604,1
P249605,1
P249608,1
P249609,1
P249614,1
P249626,1
P249628,1
P249630,1
P213654,1
P213658,1
P213660,1
P213669,1
P213675,1
P213680,1
P213629,1
P213633,1
P213634,1
P213635,1
P213637,1
P200163,1
P200164,1
P200134,1
P200181,1
P249633,1
P249636,1
P249639,1
P249640,1
P249642,1
P249645,1
P249647,1
P249651,1
P249655,1
P249656,1
P249659,1
P249663,1
P249667,1
P249671,1
P213598,1
P213602,1
P213604,1
P249699,1
P249707,1
P249711,1
P249714,1
P249715,1
P249723,1
P249724,1
P249736,1
P249676,1
P249684,1
P249693,1
P200126,1
P200131,1
P200104,1
P200105,1
P200148,1
P200152,1
P200153,1
P249694,1
P213475,1
P213478,1
P213481,1
P213482,1
P213487,1
P213488,1
P213489,1
P213493,1
P213595,1
P213597,1
P249793,1
P249795,1
P249796,1
P249797,1
P249801,1
P249804,1
P249806,1
P249739,1
P249740,1
P249744,1
P249757,1
P249759,1
P249762,1
P249766,1
P200090,1
P200096,1
P200118,1
P200122,1
P200123,1
P249769,1
P249770,1
P213608,1
P213612,1
P213622,1
P213624,1
P213628,1
P213566,1
P213568,1
P213571,1
P213574,1
P249779,1
P249781,1
P249818,1
P213584,1
P213586,1
P213587,1
P213590,1
P213512,1
P213513,1
P213515,1
P213521,1
P249824,1
P249826,1
P249832,1
P249834,1
P249843,1
P249845,1
P200113,1
P249850,1
P249851,1
P249854,1
P249861,1
P249866,1
P249869,1
P249871,1
P249873,1
P200061,1
P200065,1
P200071,1
P200084,1
P200085,1
P249807,1
P249810,1
P249815,1
P200017,1
P249969,1
P249972,1
P249973,1
P249974,1
P249977,1
P249963,1
P249953,1
P249954,1
P249955,1
P249956,1
P249957,1
P249961,1
P249966,1
P200089,1
P249875,1
P213507,1
P200043,1
P200044,1
P200047,1
P249938,1
P249940,1
P249941,1
P200028,1
P200030,1
P200031,1
P200036,1
P200037,1
P200038,1
P200040,1
P200042,1
P200018,1
